Category,Gender,Color,Size,PriceCategory,Price_USD,UnitsSold,SalesCategory
Outerwear,Unisex,Blue,M,Low,57.66239755204968,330.69928335963186,Hot Seller
Dress,Men,Beige,S,Medium,72.95372214183138,259.4976355734906,Moderate Seller
Bottom,Women,Red,M,Low,72.98370428941989,10.0,Slow Mover
Top,Unisex,Red,L,High,48.29978236628801,47.692408293075005,Slow Mover
Bottom,Unisex,Black,S,Medium,78.92631505361744,353.2914539868598,Hot Seller
Dress,Unisex,Black,XS,Medium,32.26174791482268,287.28916426121265,Moderate Seller
Bottom,Men,White,S,High,62.87961209208317,437.87039819396193,Hot Seller
Dress,Women,Red,L,Low,15.0,43.82034974596064,Slow Mover
Accessory,Women,Gray,M,Medium,103.15152877264322,142.96753309699784,Moderate Seller
Accessory,Women,Black,L,Low,55.1803310371881,10.0,Slow Mover
Outerwear,Men,Beige,S,High,74.45080001303273,51.874843088898416,Slow Mover
Dress,Men,Green,S,High,57.902890669635426,323.42197708012657,Hot Seller
Top,Men,Gray,XS,Low,71.76464099157904,323.1394546434981,Hot Seller
Top,Men,Black,S,High,45.686156421938264,373.82691091390694,Hot Seller
Accessory,Women,Green,XS,Medium,103.84635408398822,407.78270039370125,Hot Seller
Accessory,Unisex,Beige,XL,Low,88.14482279939277,110.16591869873537,Moderate Seller
Bottom,Men,Pink,XS,Medium,81.52116563759509,387.9838805967097,Hot Seller
Accessory,Unisex,Blue,L,Medium,107.5245030751233,186.00817310159348,Moderate Seller
Dress,Women,Beige,XL,Medium,63.50012160736423,97.7831947144591,Slow Mover
Outerwear,Men,Pink,L,High,94.99427531874665,148.76313111707617,Moderate Seller
Dress,Women,White,L,High,30.586671707660933,52.36838100256912,Slow Mover
Dress,Men,Gray,XL,High,128.84292412592407,480.2659751930326,Hot Seller
Accessory,Unisex,Gray,XS,High,38.99098791863504,231.0513521258989,Moderate Seller
Dress,Women,White,M,High,89.37806925189452,202.49260786135434,Moderate Seller
Top,Unisex,Beige,XS,Low,61.32767021743032,207.38225966525366,Moderate Seller
Top,Women,Black,S,Medium,62.52808031660131,284.7267176531318,Moderate Seller
Top,Unisex,Red,L,Medium,58.766782164767925,252.1728976540987,Moderate Seller
Top,Women,Green,XL,Low,111.98352306895696,215.94538575608598,Moderate Seller
Dress,Unisex,Blue,S,High,49.01497053136451,409.401298464,Hot Seller
Outerwear,Men,Blue,S,Medium,110.64350843821701,371.86419395840653,Hot Seller
Top,Unisex,Red,M,High,83.5123499378115,296.9439779398166,Moderate Seller
Outerwear,Unisex,Beige,S,High,36.117152566372695,356.2292620930799,Hot Seller
Top,Unisex,Gray,L,Medium,71.41613024123245,10.0,Slow Mover
Bottom,Women,White,S,Low,88.02638733602947,83.93854595200918,Slow Mover
Accessory,Unisex,Black,S,Low,58.86585371322134,380.9233116360244,Hot Seller
Outerwear,Unisex,White,L,High,84.51712767872414,313.2937292390028,Hot Seller
Accessory,Women,Beige,XL,High,83.92668421507,102.30691907892725,Moderate Seller
Bottom,Men,Black,XS,Low,82.1004718439628,202.99295268038048,Moderate Seller
Outerwear,Men,White,S,Medium,71.60258064439913,308.58703009433736,Hot Seller
Bottom,Women,White,XL,High,121.03568283534588,190.21059125749008,Moderate Seller
Top,Men,Black,XS,Medium,67.15922480046783,256.8209475380196,Moderate Seller
Bottom,Unisex,Gray,L,High,59.56795186452988,281.0099397710103,Moderate Seller
Top,Unisex,White,S,High,15.0,463.8153906567876,Hot Seller
Dress,Women,Pink,S,Low,124.83731106048157,244.62556722936304,Moderate Seller
Top,Unisex,White,S,High,47.60139713050134,33.07313202837497,Slow Mover
Bottom,Women,Beige,XL,Medium,80.1149549814258,164.17317442355605,Moderate Seller
Bottom,Women,Gray,M,Low,31.93495574317099,288.1420521667114,Moderate Seller
Dress,Unisex,Red,S,Medium,55.985869666681914,373.53914016273717,Hot Seller
Dress,Men,Red,M,Medium,45.858465488988884,143.29696593992603,Moderate Seller
Outerwear,Unisex,Beige,M,Low,64.59974114860017,289.86471757755305,Moderate Seller
Top,Unisex,Blue,XL,Medium,67.93559510213667,199.91264223866085,Moderate Seller
Outerwear,Women,Green,XS,Medium,15.0,183.64778509416044,Moderate Seller
Dress,Men,Black,S,Medium,97.80348325048557,213.43398864885586,Moderate Seller
Accessory,Men,Beige,XS,High,34.89817804468479,65.7783756658753,Slow Mover
Dress,Women,Pink,XS,Medium,34.49015564167315,198.5596399627567,Moderate Seller
Accessory,Women,Blue,XS,High,142.35597426619108,210.1298634558542,Moderate Seller
Bottom,Women,Red,M,Low,36.1317485585585,14.589686683046608,Slow Mover
Bottom,Women,Red,L,Medium,61.85689182039213,182.39353372946698,Moderate Seller
Top,Men,Beige,XS,Low,92.90806359658927,181.9528793122065,Moderate Seller
Accessory,Men,Red,L,Medium,60.194492980504336,36.92398484169533,Slow Mover
Accessory,Women,Beige,S,Medium,76.34091696082987,196.68926007451157,Moderate Seller
Dress,Men,Pink,M,Low,37.930810502896946,381.1768643815434,Hot Seller
Accessory,Men,Pink,M,Low,104.96479310548212,265.9367303262725,Moderate Seller
Bottom,Unisex,Green,M,High,74.02806154092934,237.03607002620993,Moderate Seller
Dress,Men,Beige,XL,Low,77.51338575768578,327.5526587805068,Hot Seller
Bottom,Men,Gray,XS,High,29.065313955252876,10.0,Slow Mover
Bottom,Women,Blue,M,Medium,112.67068190286344,222.65906752233712,Moderate Seller
Outerwear,Men,Green,S,Medium,48.78248007854043,18.598335771066388,Slow Mover
Bottom,Women,Green,XL,Medium,46.088340070392114,232.88289930798834,Moderate Seller
Bottom,Men,Blue,XL,Medium,37.37533755857781,276.45666707290127,Moderate Seller
Outerwear,Women,Black,XL,Low,43.35520743651721,257.19364665581065,Moderate Seller
Dress,Women,Red,M,High,107.85848352784839,346.1134000185543,Hot Seller
Top,Women,Beige,XS,Low,53.71240632090122,330.66318853641485,Hot Seller
Dress,Men,Green,M,Low,55.502791433392275,309.25676560289253,Hot Seller
Outerwear,Unisex,Green,L,Medium,56.08660925054778,122.60428471167766,Moderate Seller
Bottom,Unisex,Gray,XS,Low,72.73489750384283,37.28785552453931,Slow Mover
Dress,Women,Beige,XL,High,72.40121280310647,213.60086497853425,Moderate Seller
Outerwear,Women,Pink,M,Medium,35.11244005001876,187.26994351669765,Moderate Seller
Dress,Unisex,Black,M,Low,69.57097877108808,374.7007752973304,Hot Seller
Bottom,Unisex,Green,XL,Medium,17.385505453037,374.18356631792244,Hot Seller
Top,Women,Green,S,Low,75.57026316431974,223.4104610311621,Moderate Seller
Bottom,Women,Red,L,High,110.83827032297849,552.384603676065,Hot Seller
Outerwear,Unisex,Gray,M,High,68.31980838182118,275.72146880561155,Moderate Seller
Outerwear,Unisex,Blue,XL,High,71.24486862491091,353.7136387990101,Hot Seller
Top,Men,White,L,Low,102.41663659047376,357.9643280410435,Hot Seller
Outerwear,Men,Blue,L,Medium,120.14565318251309,163.0663798826484,Moderate Seller
Dress,Unisex,Black,S,Medium,15.0,42.048615837179625,Slow Mover
Top,Women,Pink,XL,High,108.91954917232816,316.7771648275052,Hot Seller
Top,Men,Black,L,High,15.0,357.86628914765777,Hot Seller
Bottom,Women,Beige,XL,Medium,68.32517985796703,363.5798356893526,Hot Seller
Accessory,Women,Pink,XL,Low,15.0,394.6650876770774,Hot Seller
Outerwear,Women,White,M,High,81.20363607876901,33.993202002906145,Slow Mover
Outerwear,Women,White,XL,Low,75.92596511953134,234.64707002453466,Moderate Seller
Dress,Unisex,Beige,S,High,91.19094877691333,292.3800671507341,Moderate Seller
Outerwear,Women,Beige,XS,High,39.19897529066371,146.70287726250723,Moderate Seller
Top,Men,Green,L,High,49.028658424264854,248.13388517580216,Moderate Seller
Accessory,Women,Red,XL,High,15.0,168.99841261627083,Moderate Seller
Dress,Women,Red,M,Medium,34.11276831847712,507.16073475268405,Hot Seller
Outerwear,Women,Blue,XS,Low,92.43319186424276,123.52801686764737,Moderate Seller
Top,Men,Pink,XS,High,66.48295847382408,33.06410286054813,Slow Mover
Top,Men,Blue,XL,High,94.37076714587313,27.369567339053475,Slow Mover
Dress,Women,Beige,M,Low,30.788108449316866,176.95193495186246,Moderate Seller
Bottom,Unisex,Blue,L,Low,24.282503801255743,196.74741867221195,Moderate Seller
Top,Unisex,Red,L,Low,79.68533038540521,358.14383463709044,Hot Seller
Accessory,Men,Black,XL,High,38.420777887578154,10.0,Slow Mover
Outerwear,Men,Beige,L,Low,65.42784324719821,330.7120686545822,Hot Seller
Top,Unisex,Green,L,Low,70.24360135229588,220.11350128831427,Moderate Seller
Dress,Men,Red,L,Low,67.46083774946615,32.96870819205142,Slow Mover
Outerwear,Women,Green,XS,High,58.172533988205366,124.95949583805032,Moderate Seller
Accessory,Unisex,Green,L,Medium,63.8232686719804,10.0,Slow Mover
Dress,Men,Beige,M,Medium,28.761145099701004,369.37530628026326,Hot Seller
Top,Women,Pink,L,Low,38.682772213504315,519.7473518388209,Hot Seller
Dress,Women,Pink,S,High,106.98651757152551,292.98584930790423,Moderate Seller
Top,Women,Beige,XL,High,45.073449544465035,263.6498886158097,Moderate Seller
Top,Women,Red,M,High,76.61122869283543,172.81247143356194,Moderate Seller
Accessory,Women,Black,L,Low,66.22421449250662,442.8023345599214,Hot Seller
Bottom,Women,Pink,L,Low,35.58822516162872,124.14989102915051,Moderate Seller
Bottom,Women,Red,S,Low,42.62682247480727,206.37931508000915,Moderate Seller
Accessory,Unisex,Pink,XL,Low,87.6410326841857,123.13939274502361,Moderate Seller
Top,Women,Beige,S,High,109.82447699542084,221.03456137948086,Moderate Seller
Outerwear,Men,Pink,M,Low,58.23559566677307,139.72587769965918,Moderate Seller
Bottom,Women,Blue,S,Medium,15.0,188.25444753441826,Moderate Seller
Dress,Unisex,Blue,M,Medium,41.097391671736446,219.62685772743143,Moderate Seller
Bottom,Women,Black,L,Medium,15.0,233.94467638532996,Moderate Seller
Accessory,Men,Black,XL,Medium,29.577692781934957,302.56155894044997,Hot Seller
Top,Women,Red,L,Low,39.51386172220943,290.7916350129062,Moderate Seller
Bottom,Men,Gray,XS,Low,35.576447740583646,239.93299241470686,Moderate Seller
Top,Men,Gray,XL,High,101.68884615361237,353.8746418316979,Hot Seller
Bottom,Men,Pink,XL,Low,56.20711455267108,365.54809426847777,Hot Seller
Bottom,Men,Beige,XL,High,57.90998772679971,433.3876753118346,Hot Seller
Bottom,Women,Beige,XL,Medium,71.46918917095306,71.0272040625585,Slow Mover
Bottom,Unisex,White,S,Low,60.62141937133363,245.1519010874971,Moderate Seller
Accessory,Women,Pink,L,Medium,87.85085623016165,78.54439437403457,Slow Mover
Accessory,Men,White,L,Medium,63.151517068492176,404.95850475442836,Hot Seller
Accessory,Men,Green,XL,Medium,57.123869303772096,317.30775976799396,Hot Seller
Top,Unisex,Beige,S,Medium,78.6709646116389,10.0,Slow Mover
Dress,Unisex,Pink,XL,High,73.18636812656402,259.6794516740397,Moderate Seller
Bottom,Women,Beige,M,High,104.12228088549253,10.0,Slow Mover
Top,Men,Blue,L,Medium,78.179671892925,117.21830063019638,Moderate Seller
Dress,Women,Black,S,High,69.35736144344543,314.22605740744916,Hot Seller
Bottom,Men,Green,L,High,26.070467743388697,218.60436545595303,Moderate Seller
Top,Women,Red,M,Medium,79.91318539532537,135.16381166479675,Moderate Seller
Accessory,Unisex,White,S,High,65.47117902856945,280.6913452018356,Moderate Seller
Bottom,Unisex,Pink,L,High,81.2876532750945,154.4956066885835,Moderate Seller
Accessory,Men,White,S,High,104.18431134679685,10.0,Slow Mover
Outerwear,Unisex,Beige,XS,Low,15.0,143.5701377217168,Moderate Seller
Outerwear,Unisex,Blue,L,High,92.02317560252182,293.9823924628156,Moderate Seller
Bottom,Women,Blue,M,High,62.16796230118971,138.21718523956403,Moderate Seller
Dress,Women,White,XL,Medium,103.37422897810048,21.694413238816452,Slow Mover
Top,Men,Red,XL,High,123.19361314136549,279.4286756883615,Moderate Seller
Dress,Unisex,Red,XL,High,39.5881998177178,101.70787598052999,Moderate Seller
Dress,Men,Red,XL,Low,61.49068935780513,354.88330069650647,Hot Seller
Bottom,Unisex,Gray,XS,Low,105.59239509681521,286.7284151845635,Moderate Seller
Top,Women,Beige,S,High,64.88387600029552,245.2317510203206,Moderate Seller
Accessory,Men,Pink,XS,High,70.16943395383925,289.077665259831,Moderate Seller
Bottom,Men,Blue,S,Low,62.41861193111447,99.6390461544536,Slow Mover
Accessory,Men,Red,XL,High,62.75275616141953,406.98000592304965,Hot Seller
Bottom,Unisex,Pink,L,Medium,65.56594903290988,257.86598039814567,Moderate Seller
Outerwear,Men,Pink,L,Low,107.56054871584024,259.03773573417203,Moderate Seller
Dress,Unisex,Gray,XL,Medium,88.884825707498,178.28735924674905,Moderate Seller
Top,Unisex,Black,XL,High,118.50436376658932,128.1989011194136,Moderate Seller
Accessory,Women,Red,L,Medium,28.053865386189614,364.3967642894705,Hot Seller
Accessory,Women,Pink,M,High,42.19936718541997,341.2928640540231,Hot Seller
Top,Unisex,Beige,L,High,66.62932940903936,187.73612104512213,Moderate Seller
Dress,Men,Blue,L,Medium,15.0,413.07295173768114,Hot Seller
Bottom,Unisex,Blue,XS,Low,71.99531575812306,266.3709733267897,Moderate Seller
Accessory,Men,Gray,XS,High,64.31336316546371,327.06325848146855,Hot Seller
Accessory,Men,White,XL,High,84.3296384332121,175.09012270207404,Moderate Seller
Top,Men,Pink,M,Medium,28.90219383291938,161.61205724089248,Moderate Seller
Top,Men,Black,S,High,65.54675873821358,286.5387209795342,Moderate Seller
Dress,Women,Beige,S,High,59.51846474827785,212.66773807039456,Moderate Seller
Accessory,Men,Beige,XL,High,82.58152765314243,230.14949139988926,Moderate Seller
Dress,Men,Pink,M,Medium,53.83582541518122,169.15372603078617,Moderate Seller
Accessory,Women,Green,L,Low,100.41213473397008,148.34730937394554,Moderate Seller
Accessory,Unisex,Beige,L,Low,96.27639219334162,325.1885297871472,Hot Seller
Accessory,Unisex,Green,S,High,15.0,45.82402606129867,Slow Mover
Accessory,Men,Blue,L,Medium,107.29836927885381,159.28050699283352,Moderate Seller
Bottom,Unisex,Beige,XS,High,109.35421740703924,34.82502732716958,Slow Mover
Dress,Men,White,M,Medium,70.9295548184213,325.16195239732633,Hot Seller
Accessory,Women,Green,L,Low,40.85324337981179,118.04239613775975,Moderate Seller
Top,Unisex,Pink,XS,Medium,40.56704371023581,10.0,Slow Mover
Top,Men,Blue,M,Low,54.9119056779635,126.18438483078835,Moderate Seller
Dress,Unisex,Pink,XL,Low,15.0,239.19876680524638,Moderate Seller
Top,Women,Black,M,High,58.56043364242487,16.394178755577286,Slow Mover
Outerwear,Men,Pink,M,Low,71.09395036290907,404.0074937828679,Hot Seller
Top,Women,Green,XL,Medium,64.05213706188944,141.44748289523935,Moderate Seller
Dress,Unisex,Beige,XS,Low,80.2655052726473,136.06834545747012,Moderate Seller
Bottom,Men,Black,XL,Medium,44.86839358177817,12.106169257948068,Slow Mover
Bottom,Men,White,S,Medium,31.224667188372848,62.84457376979353,Slow Mover
Dress,Unisex,Black,XS,Medium,58.262035856852656,317.07245820589515,Hot Seller
Top,Women,Pink,M,Low,17.192463251969322,248.10845549976895,Moderate Seller
Top,Unisex,Green,XS,Low,30.468807789190755,307.6540743962443,Hot Seller
Accessory,Unisex,Pink,L,Medium,110.71268850532132,164.38602862417042,Moderate Seller
Accessory,Unisex,Black,S,High,94.66940273342854,303.89879415228097,Hot Seller
Outerwear,Women,Green,L,Medium,71.2675335443553,248.60514745931917,Moderate Seller
Accessory,Women,Blue,S,High,107.17648209773793,403.9196145085439,Hot Seller
Bottom,Unisex,Green,L,Medium,37.14430926314144,157.61877330230936,Moderate Seller
Accessory,Unisex,White,S,High,87.69966260946275,406.62433991845137,Hot Seller
Dress,Women,White,L,Low,83.17002426573856,350.2724937420573,Hot Seller
Outerwear,Unisex,Red,XS,Low,24.619123795963915,297.87957171033565,Moderate Seller
Top,Men,Black,XL,Low,63.701776649362515,330.30477191013466,Hot Seller
Accessory,Men,Red,M,Medium,106.97978497048234,191.97570836196198,Moderate Seller
Accessory,Men,Black,XS,Low,104.4074705747825,188.58017441884894,Moderate Seller
Top,Men,Beige,XS,High,104.57976209532481,314.4886629511337,Hot Seller
Accessory,Women,Pink,XS,High,93.13804020080836,326.47797288028687,Hot Seller
Dress,Men,Gray,XS,Medium,53.34712521784315,152.63401234945326,Moderate Seller
Accessory,Unisex,Blue,XL,Medium,31.098376829850075,10.0,Slow Mover
Outerwear,Women,Blue,XL,Low,84.88310462132489,323.0078652796642,Hot Seller
Top,Unisex,White,S,High,59.31451986483616,212.1265962117742,Moderate Seller
Accessory,Men,Gray,S,Medium,117.40150232355347,10.0,Slow Mover
Accessory,Women,Beige,S,Medium,15.0,353.01723548874924,Hot Seller
Top,Men,Red,XL,Low,15.0,319.50805227381704,Hot Seller
Bottom,Women,Red,S,High,61.06439073848857,480.244142617825,Hot Seller
Bottom,Men,Blue,XS,High,103.66392616442599,190.6687687288422,Moderate Seller
Bottom,Men,Blue,L,High,87.41165157970036,341.157785105488,Hot Seller
Bottom,Men,Beige,XL,Medium,119.16904431989914,10.0,Slow Mover
Accessory,Women,Green,XS,Low,56.735847961210084,95.76933010348891,Slow Mover
Top,Unisex,Blue,L,Medium,108.32126994340783,226.1670550319826,Moderate Seller
Outerwear,Unisex,Black,XS,High,15.0,377.7703675069991,Hot Seller
Bottom,Unisex,White,L,Medium,51.8296589964272,483.0396674549055,Hot Seller
Bottom,Men,Red,XS,Medium,77.58605579908664,382.23661711820637,Hot Seller
Bottom,Unisex,Black,L,High,15.0,208.84085916849887,Moderate Seller
Bottom,Unisex,White,XL,High,42.74897027377696,116.90287092474018,Moderate Seller
Top,Women,Black,M,Medium,87.4156668575858,65.14759045052546,Slow Mover
Dress,Unisex,Blue,XS,Medium,117.71143770588712,48.29344557937986,Slow Mover
Bottom,Unisex,Green,XS,High,58.84462275093326,228.96955305835996,Moderate Seller
Top,Women,Red,M,Low,66.07169801700663,300.4846090672159,Hot Seller
Bottom,Women,Red,M,Low,27.908281977770258,157.91810457540112,Moderate Seller
Top,Unisex,White,L,Medium,115.22769141647726,10.0,Slow Mover
Accessory,Women,Pink,L,Medium,115.87160600182028,318.29079409685846,Hot Seller
Accessory,Men,Beige,XL,Low,82.99162122079878,323.12809212879057,Hot Seller
Bottom,Unisex,Pink,XS,Low,51.04994929039169,466.16712304970804,Hot Seller
Top,Men,Green,XL,Medium,31.22839637441924,226.6976128702458,Moderate Seller
Bottom,Women,Red,XS,Low,32.49230333201238,280.75229142388855,Moderate Seller
Outerwear,Men,Green,M,Medium,111.69329768439884,298.51375366806985,Moderate Seller
Dress,Women,Beige,XS,Low,89.1258204569392,122.50913689183959,Moderate Seller
Dress,Women,Black,XS,Medium,23.669638313240853,10.0,Slow Mover
Outerwear,Unisex,Red,M,Medium,70.39812440880411,153.16580102470593,Moderate Seller
Outerwear,Unisex,Beige,M,Medium,15.0,573.7289621744353,Hot Seller
Top,Women,Blue,S,High,74.60533670656822,83.09280610757256,Slow Mover
Accessory,Women,Pink,XS,Low,26.483092601582918,210.64298238075006,Moderate Seller
Top,Unisex,Pink,L,Medium,99.9635211488249,117.0992649625997,Moderate Seller
Outerwear,Women,Red,M,Medium,52.68784739497344,449.9011378287445,Hot Seller
Top,Unisex,White,S,High,51.05434180670678,215.2447996306714,Moderate Seller
Top,Unisex,Green,XL,Medium,97.84225182094656,269.7081808304351,Moderate Seller
Bottom,Unisex,Beige,L,Medium,66.44614271071107,269.7791129803549,Moderate Seller
Outerwear,Women,Beige,XL,Medium,88.40353248258758,288.1316764883496,Moderate Seller
Outerwear,Women,Green,L,Medium,100.43523353489047,219.44279383743395,Moderate Seller
Dress,Men,Blue,L,Medium,25.348969126221867,209.297063814102,Moderate Seller
Dress,Unisex,Pink,XL,Low,50.839790095117095,298.37491054879183,Moderate Seller
Top,Women,Pink,S,High,103.86601430607746,197.58131807581398,Moderate Seller
Top,Unisex,Black,S,High,89.6921566720923,296.05302690816393,Moderate Seller
Outerwear,Men,Pink,XL,High,31.99068233593912,278.75196300362967,Moderate Seller
Bottom,Men,Green,S,Medium,50.04621432697093,61.05682880148282,Slow Mover
Top,Men,White,XS,High,81.91055332500947,337.88231806134604,Hot Seller
Bottom,Men,Black,L,Medium,92.31756814142094,326.90679935926283,Hot Seller
Accessory,Men,White,S,Medium,49.313942099048774,194.84767859793251,Moderate Seller
Top,Unisex,Pink,XS,High,77.02292178682043,218.01121583769458,Moderate Seller
Outerwear,Women,Pink,L,Medium,75.66359870355801,416.4219658095474,Hot Seller
Accessory,Unisex,Red,M,Low,50.71149755278617,347.4798411058549,Hot Seller
Top,Men,Gray,XS,High,64.45543944269232,334.38242816389754,Hot Seller
Outerwear,Men,Red,S,Medium,122.64643127858649,201.9814162939567,Moderate Seller
Outerwear,Men,Blue,XS,Low,45.4917625760219,296.5933095281256,Moderate Seller
Top,Unisex,Green,XL,Medium,68.73847715186076,36.97552187924879,Slow Mover
Dress,Unisex,Blue,L,Medium,15.0,44.40169451406433,Slow Mover
Bottom,Men,Beige,XS,Medium,101.80792806863178,10.0,Slow Mover
Outerwear,Unisex,White,XL,Low,50.85810366707765,10.0,Slow Mover
Outerwear,Men,White,XL,Low,39.250376743341505,430.3225725831333,Hot Seller
Dress,Men,Green,XS,Medium,102.40996170517786,424.09521018811927,Hot Seller
Top,Men,White,XS,Medium,29.144466323758714,412.49378411954405,Hot Seller
Outerwear,Men,White,XL,High,46.55376762546156,255.13014388471464,Moderate Seller
Top,Unisex,Red,L,Low,92.82294898833082,144.13040120743477,Moderate Seller
Dress,Men,White,XL,High,101.49541906927419,236.82126852771006,Moderate Seller
Bottom,Men,Pink,M,High,43.39353585828282,25.889365102557207,Slow Mover
Top,Women,Blue,L,High,43.406730936574334,278.43777998895285,Moderate Seller
Accessory,Unisex,Gray,S,Low,75.70769510019676,205.7808315336083,Moderate Seller
Accessory,Unisex,Gray,XS,Medium,73.50755457097945,268.61135504185444,Moderate Seller
Accessory,Men,Green,M,High,27.877215496179147,96.54426976831334,Slow Mover
Bottom,Women,Green,XL,Medium,95.1933217991734,79.45564393340203,Slow Mover
Accessory,Women,Gray,XL,High,48.13933661016994,62.34346533188929,Slow Mover
Outerwear,Men,Pink,L,Medium,71.70653807796297,279.5957887267719,Moderate Seller
Top,Unisex,Green,L,Medium,96.17734741708472,336.15329180672325,Hot Seller
Accessory,Women,Beige,XS,Medium,94.97263302019782,352.473580717607,Hot Seller
Top,Women,Gray,L,Low,96.40934450453392,277.73275258282655,Moderate Seller
Top,Women,Pink,S,Medium,30.185434179818706,10.0,Slow Mover
Dress,Women,Beige,XL,Medium,15.0,179.7168701752094,Moderate Seller
Dress,Men,Pink,S,Low,108.05048836031743,237.56760678879522,Moderate Seller
Top,Men,Blue,XL,High,137.66292085360547,187.85201527868372,Moderate Seller
Dress,Women,Black,XS,Medium,107.89800942739008,211.79414100993534,Moderate Seller
Outerwear,Men,Gray,M,High,42.285944550648715,221.33406191320944,Moderate Seller
Bottom,Men,Beige,XL,Low,44.41588234217365,182.12185043150038,Moderate Seller
Top,Men,Green,M,Medium,84.12097970803148,268.522338658142,Moderate Seller
Dress,Women,Black,L,Low,22.551857614517402,182.43077904029136,Moderate Seller
Accessory,Women,Gray,XL,Low,48.59313550578504,331.53115281764343,Hot Seller
Top,Unisex,Red,XS,Low,84.59569973813825,304.794606650271,Hot Seller
Outerwear,Women,Red,XL,Low,85.13684397941925,175.84761879081123,Moderate Seller
Accessory,Women,Red,S,Low,29.899244185935004,180.99842681496222,Moderate Seller
Dress,Women,Beige,XL,High,94.41825495258668,61.63762087727588,Slow Mover
Bottom,Women,Green,S,High,57.58989160268188,185.54092035283145,Moderate Seller
Top,Men,Pink,M,High,61.55442701898221,197.37954801677407,Moderate Seller
Accessory,Unisex,White,L,Medium,101.76952373493172,46.23297947174177,Slow Mover
Dress,Women,Black,M,High,52.71717500168258,398.4803442921541,Hot Seller
Top,Women,Black,S,High,74.98680704381309,213.93285569617268,Moderate Seller
Top,Women,Beige,S,Medium,34.338435281928156,209.2741228242838,Moderate Seller
Dress,Unisex,Red,L,Low,21.127271322556552,435.7465222312023,Hot Seller
Top,Men,White,XL,Medium,53.327759958825254,234.67891403748516,Moderate Seller
Dress,Unisex,Red,XL,Low,97.84758968047187,262.3267814389052,Moderate Seller
Accessory,Unisex,Black,XL,Medium,128.88777398657982,147.37201809318407,Moderate Seller
Bottom,Women,Red,XL,High,100.59744351882446,346.3408752637365,Hot Seller
Dress,Men,Red,S,Low,15.0,180.0600051515796,Moderate Seller
Bottom,Women,Beige,XS,High,68.32319688141354,455.8246801159506,Hot Seller
Top,Men,Beige,S,High,27.8967203857028,22.466489780587636,Slow Mover
Bottom,Women,Red,L,Low,81.37008771382261,262.1455776941179,Moderate Seller
Outerwear,Unisex,Green,XS,Low,44.228880959691836,37.64961958565951,Slow Mover
Outerwear,Men,Blue,M,Medium,60.9418310495739,10.0,Slow Mover
Dress,Women,Blue,XL,High,93.64273784349533,344.9927705050634,Hot Seller
Accessory,Unisex,Pink,XL,Medium,70.39091454254876,10.0,Slow Mover
Accessory,Men,Black,XS,Medium,46.53114751204306,237.7726209210537,Moderate Seller
Accessory,Women,Green,S,Low,70.27130879074343,111.76567716794489,Moderate Seller
Outerwear,Women,Green,M,Medium,96.37192458864634,106.51412568844246,Moderate Seller
Bottom,Unisex,Black,XS,Medium,53.69872101294643,165.94436891294643,Moderate Seller
Bottom,Women,Black,S,Medium,74.75666663710004,125.73803842347486,Moderate Seller
Bottom,Men,Pink,XL,High,70.523361405657,444.49395989194653,Hot Seller
Dress,Unisex,Pink,XL,High,103.15079225337072,376.4123397003749,Hot Seller
Accessory,Women,Blue,XL,Low,49.199615584573024,183.32861929405138,Moderate Seller
Bottom,Men,Green,XL,High,58.980695474393464,314.6270159418612,Hot Seller
Top,Women,Blue,L,High,40.37977271346878,19.916863412215463,Slow Mover
Bottom,Women,Red,XL,Low,108.41474261550923,122.61062749063474,Moderate Seller
Dress,Women,Blue,M,Low,121.43493418827711,74.94624498012934,Slow Mover
Accessory,Women,Black,M,Low,83.8558513282287,182.745919938271,Moderate Seller
Outerwear,Unisex,Green,M,Medium,50.89604483297414,435.76387693775655,Hot Seller
Accessory,Unisex,Red,L,High,68.44152475094903,533.2803974352439,Hot Seller
Bottom,Women,Black,S,Low,32.60079059991181,36.200222915612386,Slow Mover
Top,Unisex,Black,XL,High,68.22559796582938,324.9706239590136,Hot Seller
Bottom,Women,Black,L,Low,44.690282797389244,146.02421530895487,Moderate Seller
Bottom,Unisex,Red,XS,Medium,34.32593276626335,298.38555421027087,Moderate Seller
Accessory,Men,White,L,Low,63.6439163434558,336.52881607480634,Hot Seller
Outerwear,Women,Red,S,Low,51.78907707558275,258.8764036258031,Moderate Seller
Top,Women,White,S,Medium,64.860077856133,38.47736954384925,Slow Mover
Accessory,Men,Black,M,Medium,99.44165470136731,257.6039366592315,Moderate Seller
Outerwear,Men,Pink,L,High,37.557964696950904,115.1967809330681,Moderate Seller
Top,Unisex,Pink,S,High,48.85257718987365,422.4595304774351,Hot Seller
Bottom,Men,Pink,L,Medium,105.78845236664563,392.7226564583417,Hot Seller
Top,Women,Blue,L,High,105.57972634983169,249.7792922929149,Moderate Seller
Outerwear,Women,Beige,L,Medium,98.58286953017287,225.67946604928534,Moderate Seller
Outerwear,Men,Red,XL,High,31.445508095320726,243.71013782207407,Moderate Seller
Top,Men,Black,L,High,123.74209844288892,430.0696964621577,Hot Seller
Bottom,Men,Black,L,High,108.25613384470182,33.1246653823662,Slow Mover
Bottom,Men,Black,XS,Medium,134.2229694045218,201.5754641166953,Moderate Seller
Accessory,Unisex,Pink,XL,Low,92.7460118291463,48.975819411040675,Slow Mover
Top,Unisex,Pink,XL,Medium,46.069529303663316,110.18893473975454,Moderate Seller
Dress,Men,Beige,S,Medium,50.859837663702244,541.2257418901231,Hot Seller
Outerwear,Women,White,M,Medium,91.59528258648422,94.84474539601568,Slow Mover
Dress,Unisex,Black,L,Medium,82.80328901943867,274.82948155194475,Moderate Seller
Top,Men,White,M,Medium,52.08640281740665,226.9108441862191,Moderate Seller
Dress,Women,Pink,L,Low,28.13715653229883,161.30062355559716,Moderate Seller
Accessory,Unisex,Red,S,High,40.84877875172691,278.6568576402395,Moderate Seller
Accessory,Men,Black,S,Low,16.523587735215536,358.08722425692514,Hot Seller
Accessory,Men,Beige,XS,High,88.03090623914704,35.51127762796489,Slow Mover
Top,Unisex,Beige,L,Low,85.38640743601181,319.79986161443213,Hot Seller
Bottom,Unisex,White,XL,Low,103.3720455917958,182.74181674967033,Moderate Seller
Top,Women,Black,S,High,107.5747622457352,355.6164988183805,Hot Seller
Dress,Women,Gray,S,High,73.5599235763462,164.3528087737107,Moderate Seller
Accessory,Men,Gray,XL,Low,82.49202249916388,216.35352450565583,Moderate Seller
Top,Men,Black,M,Medium,127.35326636781181,164.85855750073154,Moderate Seller
Top,Men,Pink,S,High,48.9069798304642,161.78103345187452,Moderate Seller
Accessory,Unisex,Green,S,Low,57.64820093456744,126.10541652432727,Moderate Seller
Bottom,Men,Gray,L,High,30.29051202622101,225.84886936172217,Moderate Seller
Bottom,Men,Beige,S,Medium,50.84954859487999,116.79952827867214,Moderate Seller
Bottom,Women,Green,S,Medium,15.0,210.2091573966104,Moderate Seller
Accessory,Women,Green,XS,Medium,57.68297695352944,264.27538187479877,Moderate Seller
Bottom,Men,Blue,XS,Low,20.83118652346114,249.88923154237693,Moderate Seller
Top,Women,Red,M,High,112.66501245767637,348.5785420064319,Hot Seller
Top,Unisex,Red,L,High,116.63611631994092,229.1760114198663,Moderate Seller
Top,Men,Red,XL,Low,94.53836840221996,10.0,Slow Mover
Bottom,Women,Black,L,Medium,59.95264593009622,451.8207981136028,Hot Seller
Accessory,Unisex,Green,L,Medium,15.0,415.1641273410539,Hot Seller
Top,Unisex,Pink,XS,High,15.0,157.30238014279632,Moderate Seller
Dress,Women,Red,L,High,61.90642027700407,124.26873730767548,Moderate Seller
Accessory,Men,Black,XS,Low,94.65529002436972,304.2379944698932,Hot Seller
Top,Men,Green,M,High,118.95410514462552,151.0046572265474,Moderate Seller
Outerwear,Women,Blue,L,Medium,25.861952512679963,194.28366433794682,Moderate Seller
Top,Unisex,Beige,XL,High,129.29544059668274,379.87682900311785,Hot Seller
Outerwear,Men,White,XL,Low,96.92581272009905,245.15623044766096,Moderate Seller
Accessory,Women,Beige,M,Low,74.04564959208172,185.87799691366433,Moderate Seller
Accessory,Women,Red,S,High,17.499434343495928,359.73413084913057,Hot Seller
Accessory,Unisex,Pink,XL,Low,47.337815988742605,332.281475070795,Hot Seller
Bottom,Women,Beige,M,Medium,48.63364098928335,248.82069374449344,Moderate Seller
Top,Men,Gray,M,Medium,40.992830317889734,150.14363969137685,Moderate Seller
Outerwear,Unisex,White,L,Medium,74.30084717526668,435.1256305856001,Hot Seller
Accessory,Unisex,White,XS,Medium,61.43743756044211,191.43578930494417,Moderate Seller
Top,Unisex,Pink,L,High,57.98860283807725,319.742814778851,Hot Seller
Accessory,Men,Red,M,Medium,70.10870503668454,312.4138898909379,Hot Seller
Bottom,Unisex,Gray,L,Low,136.56036146908167,235.78218881597604,Moderate Seller
Top,Men,Green,M,High,37.65100797609162,186.92261785740988,Moderate Seller
Dress,Men,Pink,M,High,29.34373789406358,313.5698108519556,Hot Seller
Accessory,Unisex,Pink,L,High,80.96939792160117,260.7217481633172,Moderate Seller
Bottom,Men,Gray,XL,Low,28.74264267099332,131.24631427441045,Moderate Seller
Outerwear,Men,White,M,Medium,91.84152686407678,231.91990085612824,Moderate Seller
Outerwear,Unisex,Red,XL,Low,54.79819747993968,442.21223127107214,Hot Seller
Dress,Women,Blue,S,High,15.0,131.65600293764246,Moderate Seller
Bottom,Women,Beige,S,High,50.659795815610224,278.27269360714547,Moderate Seller
Accessory,Unisex,Gray,L,Medium,36.60441711693841,99.53471628186749,Slow Mover
Bottom,Unisex,Pink,L,Medium,85.10630233141666,45.818658924217004,Slow Mover
Outerwear,Women,Blue,M,Low,54.93962250249792,336.5543032241494,Hot Seller
Outerwear,Men,Pink,XL,Medium,62.83516040951922,208.690543307023,Moderate Seller
Dress,Men,White,S,Low,18.319719225422986,267.2415727649143,Moderate Seller
Dress,Unisex,Gray,XL,Medium,83.41711551391725,323.43776667868804,Hot Seller
Top,Women,White,M,High,16.798435960223898,171.678372269099,Moderate Seller
Bottom,Men,Blue,M,High,20.68474705484448,277.99777782991475,Moderate Seller
Outerwear,Unisex,Gray,L,High,82.227413056598,425.42580095915844,Hot Seller
Bottom,Women,Beige,M,Low,24.926830794493796,501.72135222797823,Hot Seller
Outerwear,Unisex,White,XS,Low,88.59446983635303,70.61385647123444,Slow Mover
Dress,Women,Black,S,High,48.08352857487509,94.89710398528861,Slow Mover
Dress,Unisex,White,M,High,75.78123718789253,147.34517788070787,Moderate Seller
Accessory,Women,Gray,S,Medium,46.97663728860398,180.39169655876285,Moderate Seller
Bottom,Women,Pink,M,High,80.9434652323223,74.00062698221632,Slow Mover
Outerwear,Unisex,White,XL,Low,93.45917662596362,10.0,Slow Mover
Top,Women,Green,S,High,100.5229729836572,220.59566539748067,Moderate Seller
Top,Unisex,White,L,Low,69.72508868191856,322.30311337288873,Hot Seller
Dress,Women,Gray,M,Low,49.44216043400993,230.23367056126392,Moderate Seller
Top,Unisex,Black,XS,High,75.64949605867963,132.35429240397607,Moderate Seller
Dress,Unisex,Beige,L,High,85.56309165406964,378.67738125467,Hot Seller
Bottom,Women,Black,XS,Low,81.11082631188151,354.7427589411609,Hot Seller
Accessory,Women,Beige,S,Low,77.44565551783072,104.24784413923778,Moderate Seller
Dress,Men,Green,XS,High,65.76777115965538,337.99961958516127,Hot Seller
Outerwear,Men,Blue,XL,High,113.10568011214622,271.4751781186703,Moderate Seller
Outerwear,Unisex,Red,M,Medium,82.09866089904087,85.93134927892282,Slow Mover
Accessory,Women,Beige,M,High,15.0,332.33962511946964,Hot Seller
Top,Unisex,Beige,XL,Low,71.02014967117718,168.87179694028728,Moderate Seller
Outerwear,Men,Beige,XL,High,126.35387184334331,99.15701626042895,Slow Mover
Dress,Unisex,Beige,XL,High,60.11175945218216,138.62490077189372,Moderate Seller
Outerwear,Women,Black,M,Low,55.06037580171294,48.46045629459067,Slow Mover
Dress,Men,Pink,XL,Medium,77.37889013971856,325.8396556785664,Hot Seller
Top,Unisex,Gray,XS,Medium,81.8292635675063,94.78568784196737,Slow Mover
Outerwear,Unisex,White,M,Medium,49.57734945415967,151.24477464828996,Moderate Seller
Accessory,Women,Red,L,Low,85.85206110907099,211.94386797223447,Moderate Seller
Top,Women,Green,XS,Low,55.78910126769303,297.09121850910634,Moderate Seller
Dress,Women,Red,L,Medium,65.5837561717665,138.75313043181697,Moderate Seller
Outerwear,Men,Red,S,Low,97.25501493753774,10.0,Slow Mover
Dress,Men,White,XS,Medium,149.12698446229405,250.59836042345077,Moderate Seller
Dress,Unisex,Green,L,High,99.46200043441601,281.59879044856723,Moderate Seller
Top,Men,Red,L,High,110.39120326140407,146.70145900373768,Moderate Seller
Top,Men,Blue,XL,High,46.26522536661922,10.687865682521476,Slow Mover
Bottom,Men,White,XL,Low,85.39421974016173,347.3830418263207,Hot Seller
Top,Unisex,Gray,L,High,40.912173877861385,389.35460655234965,Hot Seller
Top,Women,Green,M,Medium,83.83190159664852,312.4083526894589,Hot Seller
Dress,Unisex,Blue,L,Medium,63.50075892423419,192.0158354772264,Moderate Seller
Bottom,Women,Red,S,High,19.022119372887282,159.08419117749435,Moderate Seller
Bottom,Women,Red,XS,High,90.14769100990675,238.80145757033065,Moderate Seller
Bottom,Women,Black,XL,Low,47.87918645327595,433.4802220801596,Hot Seller
Top,Women,Blue,M,Low,118.19956653770015,10.0,Slow Mover
Outerwear,Men,Pink,S,Low,82.56457718942016,227.85977150849965,Moderate Seller
Accessory,Women,Pink,L,Low,93.91455565939947,133.30660794817177,Moderate Seller
Dress,Men,Pink,L,Medium,60.3007128586099,264.1690167845052,Moderate Seller
Outerwear,Men,Pink,XL,Low,81.79672644088299,285.03330195624915,Moderate Seller
Bottom,Women,Beige,M,Low,93.22170950478215,175.82343088870473,Moderate Seller
Top,Unisex,Red,XS,Low,120.78755926918919,10.0,Slow Mover
Bottom,Unisex,Beige,S,High,19.50587423846639,10.0,Slow Mover
Top,Men,Green,M,Low,36.29637939992637,200.75788557145228,Moderate Seller
Top,Women,Red,L,Low,69.91445643581855,209.8720734604992,Moderate Seller
Accessory,Women,Black,S,Medium,128.8404849484768,293.2835210723222,Moderate Seller
Bottom,Men,Gray,XS,Low,66.26860558933596,232.08901578760046,Moderate Seller
Bottom,Men,Black,XS,High,96.22265902367752,38.622887089058594,Slow Mover
Outerwear,Women,Red,L,Medium,55.99129379670041,299.0794224588357,Moderate Seller
Outerwear,Men,Blue,XS,Low,68.51173988535228,299.26472009756264,Moderate Seller
Top,Women,Blue,XL,High,70.12209639753306,108.18607562233824,Moderate Seller
Accessory,Women,White,L,Medium,70.51353298848547,134.84161531124607,Moderate Seller
Top,Men,Beige,XL,High,142.34799460896164,239.64623682138006,Moderate Seller
Dress,Unisex,Pink,XS,High,42.0965992734252,503.22597474050144,Hot Seller
Top,Women,Green,XS,High,65.75863347398368,316.0296354423029,Hot Seller
Outerwear,Men,Red,M,High,75.82520125921083,10.0,Slow Mover
Bottom,Unisex,White,XL,Medium,83.9166078849588,10.0,Slow Mover
Accessory,Women,Black,XL,Medium,97.85873695733919,194.52572259764858,Moderate Seller
Top,Unisex,Red,XS,Low,111.32702379887529,102.75430082758439,Moderate Seller
Outerwear,Unisex,White,XL,High,90.10565858136906,352.9597583255736,Hot Seller
Top,Men,White,XL,Medium,42.16096415003862,205.4381594702987,Moderate Seller
Accessory,Unisex,Pink,S,Low,46.77472796239763,274.1016393046998,Moderate Seller
Bottom,Unisex,Pink,XS,Low,67.37727651151812,250.5793960210234,Moderate Seller
Dress,Unisex,Beige,S,Medium,58.70924593337327,141.2855163002685,Moderate Seller
Bottom,Men,Gray,L,Low,46.65025473882573,10.0,Slow Mover
Bottom,Unisex,Red,L,Medium,65.66886051931401,458.45016523691237,Hot Seller
Dress,Men,Green,M,High,27.54264666683411,176.33267004461786,Moderate Seller
Accessory,Women,Green,M,Low,66.94531404635204,164.3078715269029,Moderate Seller
Bottom,Women,Gray,XS,Low,15.0,115.08462261734388,Moderate Seller
Outerwear,Men,Gray,XS,Low,58.16579562224987,366.6486206981514,Hot Seller
Accessory,Unisex,Beige,S,High,50.04226180710402,49.542965708536485,Slow Mover
Outerwear,Unisex,Red,M,Medium,88.10659457314259,296.38378800944224,Moderate Seller
Outerwear,Women,Gray,L,Medium,69.01780281674058,291.3765203402063,Moderate Seller
Accessory,Men,Pink,M,High,111.68168168248391,167.18795663826944,Moderate Seller
Outerwear,Unisex,Red,S,Medium,15.0,188.51699599901764,Moderate Seller
Dress,Unisex,Green,L,High,38.134525866993116,337.2323752169581,Hot Seller
Outerwear,Unisex,Gray,L,Medium,53.766132002186524,196.1618215528289,Moderate Seller
Top,Men,Gray,L,Low,97.66153216839173,198.56803646735517,Moderate Seller
Dress,Men,Red,XS,Medium,64.02425966229156,121.31815822221095,Moderate Seller
Top,Men,Black,XS,Low,62.789892435627756,320.52653237008246,Hot Seller
Accessory,Men,Green,M,High,111.514703664829,274.42669320405423,Moderate Seller
Top,Women,Green,M,Medium,33.751056465903424,265.80066949447007,Moderate Seller
Top,Women,Red,M,Low,47.65123293692993,218.31424748200595,Moderate Seller
Accessory,Men,Beige,M,Medium,71.77021865230995,217.26321329448547,Moderate Seller
Top,Women,White,S,Low,86.42012182553725,296.1105016337726,Moderate Seller
Outerwear,Unisex,Black,M,High,77.45173409430105,254.46335028404866,Moderate Seller
Dress,Women,Black,XL,Low,43.482445110438505,146.31936700304112,Moderate Seller
Dress,Women,Red,XL,Low,59.25067770195891,425.1095580033535,Hot Seller
Top,Women,Green,XS,Low,92.8555254039135,273.6849391852731,Moderate Seller
Dress,Women,White,M,High,128.77922046981655,373.511808079877,Hot Seller
Dress,Men,Black,XL,Low,59.54335572490578,337.51180261993886,Hot Seller
Accessory,Unisex,Red,XS,Medium,72.9419994590757,273.3312414854648,Moderate Seller
Outerwear,Women,Beige,XS,Medium,88.7073139718387,202.48853050803592,Moderate Seller
Top,Women,White,XL,Low,82.810320397797,225.13156101973945,Moderate Seller
Bottom,Women,Beige,S,Low,49.652105816605015,225.0869459761891,Moderate Seller
Accessory,Men,Beige,M,High,23.678835027374113,142.6783508107534,Moderate Seller
Bottom,Men,Red,XS,Low,64.15947672944515,304.79593265245205,Hot Seller
Accessory,Unisex,Pink,S,Low,43.00650805223286,216.48677504657732,Moderate Seller
Outerwear,Unisex,Pink,XS,Medium,59.16059568016373,360.58068531363824,Hot Seller
Outerwear,Men,Pink,S,High,49.99566708174497,171.86500456304208,Moderate Seller
Top,Unisex,White,XL,Low,53.09064828898934,56.26786248206136,Slow Mover
Accessory,Women,Black,L,Low,43.62703601677159,229.07008156996292,Moderate Seller
Bottom,Unisex,Black,L,High,40.45581597930202,10.0,Slow Mover
Outerwear,Women,Black,XL,Medium,64.32988334847116,347.6894776530009,Hot Seller
Top,Women,Blue,S,Low,50.73805564014204,231.22695934445446,Moderate Seller
Outerwear,Men,Pink,XS,Low,57.954082493146906,267.5641957608625,Moderate Seller
Accessory,Women,Pink,L,High,56.61760888256859,270.27030475774814,Moderate Seller
Bottom,Unisex,Pink,L,Medium,96.61847442667978,196.19676874085957,Moderate Seller
Top,Unisex,White,XL,Medium,18.51852787655899,53.53834955533398,Slow Mover
Bottom,Women,Blue,M,Medium,15.0,254.06612223687333,Moderate Seller
Top,Men,Beige,S,Low,69.46647208954363,39.20543267577989,Slow Mover
Top,Women,Gray,M,High,31.82157300397884,280.36260173874217,Moderate Seller
Top,Unisex,White,XS,Medium,15.0,367.58270204345274,Hot Seller
Dress,Men,Gray,S,Medium,17.308339439804506,27.60539705621079,Slow Mover
Outerwear,Unisex,White,XS,Medium,15.0,77.3235678433935,Slow Mover
Top,Men,Blue,XL,Low,86.54394469060217,437.77895105341975,Hot Seller
Accessory,Unisex,Pink,S,Low,62.464178951187,39.99085815948797,Slow Mover
Bottom,Women,Blue,S,Medium,63.58975689577933,10.0,Slow Mover
Accessory,Unisex,Blue,S,Low,83.44693812087843,427.1452930691845,Hot Seller
Bottom,Unisex,Green,XL,Medium,47.08769843489762,70.78182626909512,Slow Mover
Dress,Unisex,Gray,S,Medium,85.88654325935136,78.60437379473629,Slow Mover
Bottom,Men,Green,S,Low,70.7968676121321,267.885594813655,Moderate Seller
Bottom,Men,Blue,XS,Low,79.8946459725027,10.0,Slow Mover
Accessory,Women,Beige,XS,Low,25.915836085836283,249.77675484180926,Moderate Seller
Bottom,Unisex,Red,L,Low,20.24973654498757,325.43420543918774,Hot Seller
Bottom,Men,Beige,S,Medium,63.73301576661054,168.51562706898514,Moderate Seller
Outerwear,Men,Red,XS,Medium,45.98861381916309,442.18592329046385,Hot Seller
Bottom,Men,Beige,S,Low,53.91383594977071,556.9657909051755,Hot Seller
Outerwear,Unisex,Black,S,Low,94.47257816818052,68.48007550957445,Slow Mover
Top,Unisex,Gray,XL,Low,39.56883538531819,10.0,Slow Mover
Top,Men,White,S,Medium,66.6153091265325,532.2203894480836,Hot Seller
Accessory,Women,Black,XS,Low,138.39517892274557,357.2284315267161,Hot Seller
Outerwear,Unisex,Beige,XS,Medium,60.80558087264658,10.0,Slow Mover
Top,Women,Pink,XS,Low,132.65027575420024,10.0,Slow Mover
Bottom,Unisex,Red,M,Low,56.59242849140049,220.22454175700076,Moderate Seller
Dress,Women,Green,M,High,55.95057908713119,265.3053021401711,Moderate Seller
Bottom,Women,Red,XL,Low,66.09869590584071,31.48333272318004,Slow Mover
Accessory,Unisex,Beige,S,High,65.67488682154985,10.0,Slow Mover
Outerwear,Unisex,Green,S,Medium,75.21426047547337,169.7426629405833,Moderate Seller
Dress,Women,Gray,XL,Low,35.08358049439943,183.6870145009434,Moderate Seller
Top,Men,Blue,L,Medium,64.54615466614496,236.74265923103167,Moderate Seller
Outerwear,Women,Pink,S,High,49.734340443591464,149.9058047040821,Moderate Seller
Top,Men,Pink,M,Low,44.25509343809781,451.83403501806896,Hot Seller
Top,Unisex,Black,S,Medium,109.99150203322735,272.7179316600479,Moderate Seller
Accessory,Men,Green,M,Medium,39.94412116389793,122.23950171085045,Moderate Seller
Top,Men,Gray,M,High,96.1964069174007,104.54339111491761,Moderate Seller
Top,Unisex,Pink,M,Medium,64.4321339369167,125.39180613388064,Moderate Seller
Bottom,Unisex,White,M,High,98.09841493428954,107.39000435182436,Moderate Seller
Top,Women,Black,M,High,66.69377429768751,10.0,Slow Mover
Outerwear,Men,White,L,Low,47.75566030430041,139.35935465514746,Moderate Seller
Accessory,Unisex,White,XS,Medium,55.13056067604934,106.37190923261721,Moderate Seller
Outerwear,Women,Blue,XS,High,52.395202096246194,35.46564916175774,Slow Mover
Dress,Women,Blue,M,Low,70.475529903935,74.12443027688988,Slow Mover
Top,Unisex,Beige,XS,High,44.68499546066306,183.4565652142082,Moderate Seller
Top,Unisex,Green,XL,High,19.921394413713976,363.50234122975655,Hot Seller
Outerwear,Women,Pink,M,Medium,71.79632544363426,211.25036330007663,Moderate Seller
Outerwear,Women,Pink,XS,High,121.16384011021725,316.8818905276836,Hot Seller
Top,Unisex,Blue,L,Low,51.4994845834283,153.28673688341252,Moderate Seller
Outerwear,Men,Gray,S,Low,80.71589508419702,57.360371114526345,Slow Mover
Top,Women,Black,XS,Medium,82.64082350909302,165.70714801402207,Moderate Seller
Accessory,Unisex,Red,XL,Medium,48.88648604340298,16.16240739017934,Slow Mover
Top,Women,Black,XS,Medium,67.6038592120986,345.51897568445014,Hot Seller
Top,Unisex,White,S,High,89.0471940727669,102.91844659752239,Moderate Seller
Accessory,Women,Blue,XL,Medium,44.947206924077285,399.81953143599253,Hot Seller
Top,Women,Black,S,Medium,97.34791872242687,353.93685927605793,Hot Seller
Outerwear,Women,Blue,XS,Low,40.351037562420444,255.5972103826017,Moderate Seller
Dress,Unisex,Black,M,High,70.20076554851106,290.6615814430174,Moderate Seller
Outerwear,Unisex,Blue,M,Low,63.81958865036705,306.80385308249436,Hot Seller
Dress,Unisex,Pink,XS,Low,31.30991668407652,240.12947954959608,Moderate Seller
Accessory,Men,Gray,XL,Low,96.05433714580978,206.53555857643545,Moderate Seller
Dress,Women,Beige,L,Low,29.80783589824194,195.7767094959961,Moderate Seller
Accessory,Men,Beige,L,Low,84.27407407556623,166.36605729046008,Moderate Seller
Bottom,Unisex,Gray,M,High,54.436162641052796,37.681414205895976,Slow Mover
Accessory,Unisex,Pink,L,High,65.14631126410579,222.86883799174365,Moderate Seller
Accessory,Women,Green,XL,Low,77.02225723999528,600.0,Hot Seller
Outerwear,Women,Red,M,Low,101.69485514870172,231.41412014815194,Moderate Seller
Dress,Women,Red,M,Medium,35.741514905813716,170.119843657404,Moderate Seller
Accessory,Men,Beige,XS,Medium,58.09762341387555,381.5014298191505,Hot Seller
Outerwear,Women,Green,M,High,78.82994704209194,168.23984338853634,Moderate Seller
Outerwear,Women,Beige,XS,Medium,68.15197878839005,239.67134619913327,Moderate Seller
Accessory,Women,Gray,XS,Medium,54.62271788228594,17.400366028903846,Slow Mover
Dress,Women,Green,XL,Low,112.40140028566208,139.0246227964393,Moderate Seller
Accessory,Women,Blue,XS,Medium,41.22378462104477,372.2091362325648,Hot Seller
Bottom,Women,White,S,Low,39.51377606939708,88.6180738585386,Slow Mover
Top,Unisex,Gray,M,Medium,30.544569542343602,272.02335812170344,Moderate Seller
Dress,Men,Beige,XS,High,80.05792350577799,338.17151345228035,Hot Seller
Accessory,Unisex,Red,M,Medium,86.56970247931079,162.87603619496727,Moderate Seller
Bottom,Men,Black,S,Medium,41.45601626499163,44.153323569600985,Slow Mover
Dress,Men,Gray,S,Low,15.0,293.9396098936329,Moderate Seller
Accessory,Unisex,Pink,M,High,101.76376125848915,334.5857717119053,Hot Seller
Accessory,Women,Beige,S,Low,19.82494829670715,193.99675972740727,Moderate Seller
Accessory,Men,Beige,XS,Medium,48.70648858476449,417.5188129855929,Hot Seller
Accessory,Women,Black,S,Low,39.625745637294045,164.04356686892515,Moderate Seller
Dress,Unisex,Pink,XS,Medium,48.52634848483744,11.786125803915127,Slow Mover
Accessory,Men,Green,XS,High,91.87071658589662,339.80301561290383,Hot Seller
Outerwear,Men,Red,S,Low,69.7042231086519,151.149679085095,Moderate Seller
Outerwear,Unisex,Gray,L,Low,71.53597724436422,10.0,Slow Mover
Dress,Women,Beige,XS,High,39.27373427551808,195.8217725208172,Moderate Seller
Bottom,Women,White,L,High,46.400413025834794,165.6553833619273,Moderate Seller
Dress,Men,Black,XL,Low,42.84164751373447,87.16158532017852,Slow Mover
Dress,Men,White,L,Medium,78.22115680989637,252.09725430384458,Moderate Seller
Dress,Men,White,L,Low,74.00177909799217,31.096075902461678,Slow Mover
Dress,Men,Red,XL,High,70.50508364003794,354.66040565626156,Hot Seller
Top,Women,Black,M,High,61.64827075400841,237.9191386248541,Moderate Seller
Top,Unisex,Green,XS,High,73.76230515435077,268.3746822141966,Moderate Seller
Bottom,Unisex,Red,S,High,52.36760841323901,56.15382386421223,Slow Mover
Bottom,Women,White,XL,High,25.02639489965499,335.8421155047663,Hot Seller
Outerwear,Women,Blue,S,High,65.51296403087332,103.09475916019218,Moderate Seller
Bottom,Unisex,Gray,XL,Low,49.76693984803379,371.7719838154161,Hot Seller
Accessory,Unisex,Beige,M,High,37.27688027558159,506.1445473960962,Hot Seller
Outerwear,Women,White,M,Medium,46.875439845047325,271.9719292069791,Moderate Seller
Outerwear,Women,White,S,Medium,48.31514497030282,10.0,Slow Mover
Outerwear,Unisex,Black,M,High,41.70783278104369,243.6239874334311,Moderate Seller
Outerwear,Men,Black,XL,Low,65.68199072109599,177.6435036427036,Moderate Seller
Outerwear,Men,Green,XL,High,35.776454660072275,125.45999214343766,Moderate Seller
Top,Men,Black,L,Low,114.98350280087162,344.03681451587136,Hot Seller
Top,Women,Gray,S,Medium,37.693583654676885,203.30814713046627,Moderate Seller
Dress,Unisex,Gray,S,High,41.809523608910666,135.8738859975668,Moderate Seller
Dress,Men,Beige,S,Low,81.53588672644996,10.0,Slow Mover
Outerwear,Women,White,S,Medium,55.94389325591599,279.4073653816797,Moderate Seller
Top,Men,Gray,M,Low,46.868904476488694,105.88606010118033,Moderate Seller
Top,Women,White,XL,High,15.0,282.0821849333292,Moderate Seller
Accessory,Women,Gray,XS,High,39.12741444159326,101.28096222549898,Moderate Seller
Dress,Unisex,Pink,XS,Medium,32.51583226220363,211.7512245430408,Moderate Seller
Bottom,Men,Pink,M,High,66.79810389597046,253.91739461097035,Moderate Seller
Accessory,Women,Pink,XL,Medium,101.46033289426255,316.36178703598216,Hot Seller
Dress,Unisex,Pink,XS,Medium,15.0,466.80446847875317,Hot Seller
Bottom,Men,Beige,L,High,49.92470972404732,251.04499651808635,Moderate Seller
Dress,Men,White,S,High,37.12736688567617,202.95441582511557,Moderate Seller
Dress,Men,Beige,XS,Low,39.838935947906904,180.2724053706423,Moderate Seller
Outerwear,Unisex,Green,M,Low,92.47532504990855,287.3757457639456,Moderate Seller
Accessory,Women,White,L,Medium,84.35793226481789,246.3265203700899,Moderate Seller
Bottom,Men,Red,L,Medium,72.09851438337094,392.29102920261954,Hot Seller
Accessory,Men,Black,L,High,95.13589002523227,210.77945484261983,Moderate Seller
Accessory,Men,White,S,High,43.25344870731022,337.7350674834987,Hot Seller
Top,Unisex,Pink,M,Low,129.96934819876753,291.4309873940077,Moderate Seller
Outerwear,Unisex,Blue,L,Medium,82.29800721465404,319.45400159516834,Hot Seller
Top,Women,Green,XS,Medium,63.85946964510965,132.23092921986984,Moderate Seller
Top,Men,Black,XL,Medium,45.83539037251961,10.0,Slow Mover
Accessory,Women,Red,L,Medium,78.82680200603765,445.3704723493339,Hot Seller
Dress,Men,White,S,High,17.68475230886908,351.4913316707381,Hot Seller
Outerwear,Women,Red,S,Medium,74.95560516721378,103.81010488590552,Moderate Seller
Bottom,Men,Green,S,Low,102.68034186869505,478.41230145103333,Hot Seller
Outerwear,Women,Red,S,Low,32.042285303789484,449.4246101408294,Hot Seller
Accessory,Men,Pink,L,High,91.0084122939881,271.0900720935423,Moderate Seller
Bottom,Women,Beige,XS,Medium,61.829093014607054,285.31093967879616,Moderate Seller
Dress,Women,Blue,M,Medium,87.62332259358088,180.60072374890177,Moderate Seller
Bottom,Women,Green,S,Low,80.07222772072888,142.6635793709489,Moderate Seller
Accessory,Women,Black,M,High,80.19176518997655,333.08144748652387,Hot Seller
Accessory,Men,Gray,M,Low,30.637998598857045,245.1813453185982,Moderate Seller
Accessory,Men,Beige,L,Medium,107.15233584296804,133.79089001283148,Moderate Seller
Outerwear,Unisex,Green,XL,Medium,92.99779676520386,81.60086758793759,Slow Mover
Bottom,Men,Black,S,Low,88.573693230858,208.78300287170276,Moderate Seller
Bottom,Unisex,Blue,M,High,15.0,176.64582638424392,Moderate Seller
Dress,Women,White,XL,Medium,69.88478902638352,356.4045668607296,Hot Seller
Bottom,Women,Gray,S,Low,36.72357293385936,184.03375039047015,Moderate Seller
Accessory,Unisex,Green,M,High,90.98214235789018,268.3126080435237,Moderate Seller
Top,Men,Black,S,Low,37.00754996996265,267.6822798062034,Moderate Seller
Top,Women,Blue,M,Medium,117.83237835638903,284.3018567815319,Moderate Seller
Dress,Women,Beige,M,Low,52.39357875827524,31.969497678409397,Slow Mover
Accessory,Women,White,XL,Low,53.16388023564099,322.2027711892792,Hot Seller
Dress,Men,Red,L,High,28.401308662634634,295.6941931792285,Moderate Seller
Dress,Men,Black,XS,High,62.3566423528799,285.26264161803005,Moderate Seller
Accessory,Women,Green,XL,Low,15.0,71.77224413522879,Slow Mover
Accessory,Women,Beige,XL,Low,72.78848780816068,412.2940264374789,Hot Seller
Bottom,Unisex,Red,M,High,131.99575653562601,293.6789723063377,Moderate Seller
Accessory,Unisex,Gray,S,Low,36.613378247429374,576.429505571095,Hot Seller
Accessory,Unisex,Green,M,High,24.64401712673846,243.17433875210122,Moderate Seller
Top,Women,Gray,XL,Medium,106.94859664490006,475.46717295159476,Hot Seller
Bottom,Men,Gray,L,Medium,15.0,288.2641745258943,Moderate Seller
Accessory,Unisex,Blue,L,Low,73.90136879558833,285.650814971867,Moderate Seller
Outerwear,Women,Green,XL,Medium,152.76862055517608,348.43211545989334,Hot Seller
Outerwear,Women,White,M,Low,30.76211141208988,12.955465186950448,Slow Mover
Dress,Unisex,Gray,M,Low,85.56264554921228,251.95936900638364,Moderate Seller
Outerwear,Men,Blue,XS,Low,98.1333578921425,187.58575208144697,Moderate Seller
Bottom,Men,Beige,L,Medium,74.1056382759136,196.29228129011886,Moderate Seller
Bottom,Women,Black,L,Low,98.34750355792139,265.08666838057724,Moderate Seller
Accessory,Women,White,XL,Low,61.13086492074733,308.7824710548374,Hot Seller
Dress,Unisex,Red,XL,Low,39.55017612726266,213.090589807276,Moderate Seller
Top,Men,Green,S,Medium,65.62551527943612,281.96688135072395,Moderate Seller
Outerwear,Unisex,Black,L,High,36.9325888659784,391.0724200119074,Hot Seller
Dress,Unisex,Red,M,Medium,105.27251034928469,280.334951449126,Moderate Seller
Dress,Unisex,Red,L,Medium,22.09163509155016,268.1023656588021,Moderate Seller
Top,Unisex,Red,XL,Medium,45.62944013299611,121.27796619583665,Moderate Seller
Top,Men,White,XL,High,46.583840580144134,158.36847270960448,Moderate Seller
Bottom,Women,Green,XS,High,69.40427353223043,200.4454320386126,Moderate Seller
Bottom,Unisex,Gray,XS,Low,46.44395609888042,163.65045764614905,Moderate Seller
Bottom,Women,Pink,L,Low,58.62411818981685,482.22608498472925,Hot Seller
Accessory,Unisex,Pink,L,Low,103.11065843793305,154.38985650071703,Moderate Seller
Bottom,Men,Pink,L,High,31.128289543026035,341.39409234660855,Hot Seller
Accessory,Men,Gray,XS,High,107.31081991652573,182.86514029331022,Moderate Seller
Bottom,Unisex,Pink,S,Low,56.9697252267966,168.90768700990998,Moderate Seller
Accessory,Unisex,Gray,XS,Medium,53.98849699185945,187.7551205237692,Moderate Seller
Top,Unisex,Black,L,High,66.99221028282982,233.3488387529073,Moderate Seller
Top,Men,White,L,Medium,53.526318559392394,152.35583633917312,Moderate Seller
Dress,Women,White,S,High,15.0,258.3833744595805,Moderate Seller
Bottom,Men,White,M,High,92.01345587592712,313.62435239762647,Hot Seller
Dress,Men,Green,S,Low,81.68487178210142,91.52907210766642,Slow Mover
Bottom,Unisex,Pink,XS,Medium,29.649628480200683,169.62731710514282,Moderate Seller
Accessory,Unisex,Green,S,Medium,65.36871026518953,524.3527851584316,Hot Seller
Accessory,Women,Red,S,High,80.64247227870193,246.6409504973592,Moderate Seller
Top,Men,Green,S,Low,113.43956438327093,503.0174203513323,Hot Seller
Dress,Men,White,XL,Medium,43.30662878990755,329.54685771617903,Hot Seller
Accessory,Men,Black,XL,High,39.23711735445414,252.72576549393665,Moderate Seller
Outerwear,Women,Pink,XL,Low,63.966512922219195,154.42793979106327,Moderate Seller
Outerwear,Unisex,Pink,XL,High,84.24010229871264,291.2404223662241,Moderate Seller
Top,Unisex,Green,L,High,74.58135435927353,384.3478956175016,Hot Seller
Accessory,Men,Blue,L,Medium,85.95712963649868,206.0155086715791,Moderate Seller
Top,Men,Red,XL,Medium,64.51904656418449,234.13094846326925,Moderate Seller
Outerwear,Unisex,Pink,S,Medium,15.0,467.7095324751483,Hot Seller
Accessory,Men,White,L,High,27.657828834324654,124.09871012083057,Moderate Seller
Outerwear,Unisex,Pink,XL,Medium,67.112175708158,231.4609511112796,Moderate Seller
Top,Women,Blue,S,Low,15.0,10.0,Slow Mover
Outerwear,Unisex,Gray,XS,Low,79.57882796836378,263.9184534183606,Moderate Seller
Dress,Women,White,XL,Medium,44.02281306556438,371.67000981082765,Hot Seller
Dress,Unisex,Beige,XL,Medium,19.493627696099367,42.58939308434293,Slow Mover
Outerwear,Men,Blue,XS,Low,28.774478844542912,266.45416225527526,Moderate Seller
Accessory,Men,Red,XL,High,138.5392466300237,241.96370818363243,Moderate Seller
Outerwear,Men,White,XS,Medium,73.19585066813207,243.89651408638568,Moderate Seller
Accessory,Unisex,Pink,XS,Low,46.04197192634925,229.8746319586562,Moderate Seller
Top,Unisex,Beige,M,High,105.68908630978757,10.0,Slow Mover
Bottom,Women,Beige,M,Low,16.941425091780822,163.74691054992942,Moderate Seller
Dress,Men,Green,XL,Medium,70.4462748364879,291.14590591530373,Moderate Seller
Bottom,Men,Beige,XL,Medium,15.0,174.22964382052731,Moderate Seller
Bottom,Women,Blue,XS,Medium,85.89467408575699,142.7652955054731,Moderate Seller
Outerwear,Men,Gray,M,High,51.618133003560565,320.4801444825439,Hot Seller
Accessory,Women,White,S,Low,114.76297595481554,280.83802414818797,Moderate Seller
Dress,Unisex,Red,L,High,132.84305234761206,377.0883449432797,Hot Seller
Bottom,Unisex,Red,XL,High,101.5527800698355,217.66754866127891,Moderate Seller
Accessory,Unisex,Green,L,Medium,47.26572167841952,220.44124817462358,Moderate Seller
Accessory,Men,Red,S,High,77.3915038330432,93.58312328915102,Slow Mover
Outerwear,Women,White,XL,High,41.24289444902168,376.0028485952222,Hot Seller
Bottom,Women,Pink,S,High,62.94562700008673,124.02327335619012,Moderate Seller
Top,Women,Gray,XL,Low,71.40791007125004,219.57743249459574,Moderate Seller
Bottom,Unisex,Pink,L,Low,35.90808023958944,221.61308807378737,Moderate Seller
Outerwear,Men,Gray,L,Medium,99.98250434277816,10.0,Slow Mover
Bottom,Unisex,White,L,Medium,66.54834177009576,200.54838998856002,Moderate Seller
Bottom,Women,Red,L,Low,135.9999479160632,10.0,Slow Mover
Outerwear,Men,White,S,Medium,89.1078016768505,59.44309349024945,Slow Mover
Accessory,Women,Pink,L,Medium,15.0,275.6479842170706,Moderate Seller
Bottom,Men,Beige,XL,Medium,58.17029055743289,299.54472036036964,Moderate Seller
Bottom,Women,Gray,S,Medium,91.70498979271272,282.23728903014864,Moderate Seller
Top,Women,Blue,M,Medium,81.51071679034823,134.40126862571734,Moderate Seller
Bottom,Men,Gray,L,Low,49.68899071253401,360.801730360313,Hot Seller
Top,Women,Beige,S,High,64.31844623161959,279.05316041676406,Moderate Seller
Accessory,Men,Black,L,Medium,67.561384666315,281.9832903097573,Moderate Seller
Bottom,Men,Pink,S,High,155.71167902932132,179.81882266043013,Moderate Seller
Accessory,Women,Beige,XL,Medium,92.97531276719542,581.2640736512112,Hot Seller
Outerwear,Men,Green,M,High,87.13730373261967,306.7373960068808,Hot Seller
Dress,Women,Pink,XS,High,50.93385138902388,237.72848445116836,Moderate Seller
Accessory,Women,White,S,Low,89.31689905559168,259.9014847723875,Moderate Seller
Outerwear,Unisex,Blue,M,Low,15.0,323.0235802819251,Hot Seller
Bottom,Women,Black,S,Low,102.10054740884135,138.65670461739262,Moderate Seller
Dress,Unisex,Beige,M,High,83.88667013745625,255.9778279471791,Moderate Seller
Outerwear,Women,Gray,XL,Low,48.610331302692245,385.27427448286073,Hot Seller
Accessory,Unisex,Gray,M,High,57.42212844336234,95.50361786651379,Slow Mover
Bottom,Women,Blue,L,High,86.00319171468402,150.75612382637107,Moderate Seller
Top,Unisex,Pink,M,Low,80.27800992353939,188.10613747344698,Moderate Seller
Top,Men,White,XS,Medium,85.97087027712269,105.78085704680335,Moderate Seller
Outerwear,Women,Black,L,Low,64.06171401206007,339.0762365827176,Hot Seller
Accessory,Unisex,Blue,L,Low,38.821090165049014,343.3549864381168,Hot Seller
Top,Men,Black,M,Medium,54.52057516467589,255.75495021820558,Moderate Seller
Dress,Men,Blue,S,Low,25.93916551869301,10.0,Slow Mover
Bottom,Women,White,M,Low,95.38890201081135,255.83946545853553,Moderate Seller
Outerwear,Men,Red,L,High,63.65774345037821,346.25372759812694,Hot Seller
Accessory,Women,White,S,Low,53.03178513661719,140.50009492247983,Moderate Seller
Dress,Unisex,Gray,S,Low,102.84933537450428,262.02419089433107,Moderate Seller
Outerwear,Women,Gray,L,High,119.50787976065277,287.69694486878996,Moderate Seller
Accessory,Men,Pink,L,High,15.0,22.410314875735736,Slow Mover
Outerwear,Women,Gray,XL,Medium,41.81531927322008,254.9765706857504,Moderate Seller
Accessory,Men,Gray,XL,Low,15.0,239.4246696908784,Moderate Seller
Dress,Unisex,Red,M,Low,38.59390232217045,71.14991794027648,Slow Mover
Dress,Men,Black,XS,Medium,61.80439936556764,459.80727027524927,Hot Seller
Outerwear,Men,Blue,XS,Low,45.854808056041975,39.62886647919228,Slow Mover
Accessory,Unisex,Green,S,Medium,67.10024872258776,265.2874809811213,Moderate Seller
Outerwear,Men,Red,S,Low,91.67004893233195,257.69392013807067,Moderate Seller
Top,Unisex,Green,XL,High,38.73930508602217,308.9763486329147,Hot Seller
Bottom,Unisex,Green,L,Low,121.76623517464391,350.7346665017538,Hot Seller
Bottom,Men,Black,XL,Medium,39.07635282811765,64.29370948806022,Slow Mover
Bottom,Men,Red,M,High,43.45573646979672,249.25264878769792,Moderate Seller
Dress,Men,Pink,S,Medium,35.88262070650387,283.86293273391544,Moderate Seller
Outerwear,Unisex,Gray,L,Low,87.19426511036744,174.20359261536245,Moderate Seller
Bottom,Men,Beige,S,Low,99.67473474489634,373.32105991246715,Hot Seller
Accessory,Unisex,Black,L,Low,61.44596144126164,330.64291473125195,Hot Seller
Dress,Women,Gray,XL,Low,149.4411320403599,10.0,Slow Mover
Top,Unisex,Pink,XL,Low,40.5411151611511,10.0,Slow Mover
Dress,Women,Red,M,High,81.6026711312708,198.3985436751093,Moderate Seller
Top,Women,Red,XL,Medium,15.0,45.478459513910934,Slow Mover
Dress,Women,White,XL,High,96.19842496697618,569.7991311973595,Hot Seller
Bottom,Unisex,Beige,S,Medium,68.57739917191746,29.459400309122543,Slow Mover
Dress,Unisex,Pink,L,Low,22.508063456883754,184.93164946736724,Moderate Seller
Dress,Unisex,Black,XL,Medium,123.9917526274992,317.1847810813703,Hot Seller
Bottom,Unisex,Black,XL,High,105.80034399267578,228.58766609330462,Moderate Seller
Top,Women,Blue,XL,Medium,85.6296553290966,189.2253255771838,Moderate Seller
Bottom,Men,Gray,M,Medium,42.88807537293498,189.2775468686816,Moderate Seller
Dress,Women,Beige,L,High,74.97950313037131,247.45794856523457,Moderate Seller
Dress,Unisex,White,M,Medium,65.0633237546464,235.04237121524417,Moderate Seller
Dress,Men,Beige,S,Medium,34.41979193477161,99.71750467508389,Slow Mover
Bottom,Men,Blue,XL,Low,21.43660526349845,144.28629653556288,Moderate Seller
Outerwear,Unisex,Pink,L,Low,93.99469548958183,174.7461394389673,Moderate Seller
Dress,Unisex,Beige,S,High,82.78760693835912,555.1187347311256,Hot Seller
Accessory,Men,White,M,High,83.56396568261646,88.67928965051627,Slow Mover
Top,Unisex,Beige,XS,Medium,102.03472014157344,278.0949599449498,Moderate Seller
Accessory,Women,Gray,M,Medium,75.05672301485009,47.461185579413154,Slow Mover
Outerwear,Men,Gray,XS,High,101.0608659313791,163.58037230464635,Moderate Seller
Bottom,Women,Green,XS,High,80.62439446454259,429.38980724596524,Hot Seller
Top,Unisex,Black,L,Low,81.31820856266603,273.492757726819,Moderate Seller
Dress,Men,Gray,XS,Medium,61.16053028472113,203.31573899920224,Moderate Seller
Outerwear,Men,Pink,L,High,15.0,56.71891437649134,Slow Mover
Bottom,Women,Beige,XL,Low,47.894662794143834,431.351661954777,Hot Seller
Accessory,Unisex,Beige,XS,Low,83.39576249095788,171.45164127636002,Moderate Seller
Accessory,Unisex,Pink,M,Low,101.13701293563497,192.8823873137848,Moderate Seller
Bottom,Unisex,Black,XS,Low,73.67494859340647,72.24682247806572,Slow Mover
Outerwear,Men,Black,XL,Medium,44.95076345297756,495.29932219546555,Hot Seller
Outerwear,Men,Black,XS,Medium,128.04675061634632,237.61299156580364,Moderate Seller
Outerwear,Men,Pink,L,Low,75.65455472252211,10.0,Slow Mover
Outerwear,Men,Beige,XS,Medium,108.54037426741495,302.1284017403719,Hot Seller
Accessory,Unisex,Green,S,Low,44.67103474879613,342.16026929057944,Hot Seller
Dress,Men,White,XS,Medium,59.09301235856714,174.95700204300616,Moderate Seller
Bottom,Women,Gray,S,Medium,69.33193397075013,249.6294753219004,Moderate Seller
Top,Men,Green,XS,Low,124.46519345254512,236.42240963441333,Moderate Seller
Bottom,Men,Beige,XS,Medium,68.14412670402336,148.26971262033527,Moderate Seller
Dress,Women,White,L,Low,63.80610740460218,155.35909307513043,Moderate Seller
Bottom,Women,White,S,Low,42.300674318257066,373.7964478809474,Hot Seller
Dress,Unisex,Green,S,Medium,46.4002075889476,317.807126517654,Hot Seller
Bottom,Men,Beige,S,Low,110.05114493741252,370.46624171427254,Hot Seller
Accessory,Unisex,Gray,XL,Medium,107.1613027418841,167.5955762537336,Moderate Seller
Dress,Unisex,Gray,XL,High,15.0,66.2006810569454,Slow Mover
Accessory,Men,Red,XS,Low,87.40470822432695,252.0192841984337,Moderate Seller
Bottom,Women,Beige,XL,Medium,64.06349725658177,134.2098931518917,Moderate Seller
Accessory,Women,White,XL,Low,68.3830260326337,160.7148028151088,Moderate Seller
Accessory,Women,Black,M,Medium,54.36725464407958,322.49332864785936,Hot Seller
Dress,Unisex,Red,M,High,98.49959773893494,126.70437357157803,Moderate Seller
Accessory,Unisex,Beige,M,Low,98.2608764535423,129.90194600040712,Moderate Seller
Top,Unisex,Pink,L,Low,26.90588109102049,288.1965503541669,Moderate Seller
Accessory,Unisex,Pink,M,High,15.0,105.73131839511038,Moderate Seller
Bottom,Men,Beige,XS,Medium,74.9606410432211,197.63494460557112,Moderate Seller
Top,Men,Blue,XL,High,62.254687777648286,21.91815027375182,Slow Mover
Dress,Men,Gray,XL,Low,101.1318481451255,218.92199822738095,Moderate Seller
Top,Unisex,Blue,M,Medium,65.16644879171874,22.186746901849148,Slow Mover
Bottom,Women,Pink,XL,Medium,64.58956131858882,160.07853428574953,Moderate Seller
Bottom,Unisex,Pink,L,Medium,64.94253171390622,236.86127359154224,Moderate Seller
Dress,Unisex,White,XS,Low,74.1969797840748,56.33526031083909,Slow Mover
Dress,Men,Pink,M,High,15.264031627302522,424.31731514549307,Hot Seller
Bottom,Men,Gray,S,Medium,90.36663036352587,196.75406785355784,Moderate Seller
Bottom,Unisex,Beige,XS,Medium,83.6219563416419,339.678097757454,Hot Seller
Top,Men,White,M,Low,80.11995681105687,162.98193813678012,Moderate Seller
Accessory,Women,Blue,L,High,69.82825815802666,408.3974044608729,Hot Seller
Outerwear,Women,Green,L,High,69.87892062504834,179.47754048501278,Moderate Seller
Outerwear,Women,Green,M,Low,64.61078141462448,95.8417914827871,Slow Mover
Top,Men,Blue,M,Low,57.348236479529035,225.38583867108736,Moderate Seller
Accessory,Unisex,Blue,XL,High,15.0,220.3499602887415,Moderate Seller
Top,Unisex,Pink,L,Medium,121.72553912199862,272.0174704533163,Moderate Seller
Accessory,Unisex,Red,S,Medium,18.648226671018364,214.87301811743853,Moderate Seller
Top,Women,Green,XS,High,123.34376855920482,90.6756198923633,Slow Mover
Accessory,Men,Beige,XL,Low,46.64722745684412,136.0952204872785,Moderate Seller
Accessory,Women,Blue,XL,Low,84.93463180833812,221.80362553381448,Moderate Seller
Bottom,Women,Black,XL,Low,71.76111464002635,420.055359797607,Hot Seller
Top,Men,Beige,L,High,61.27590088400825,235.85434211526518,Moderate Seller
Dress,Women,Pink,XL,Medium,69.89832150172174,114.30955181604224,Moderate Seller
Accessory,Unisex,Black,L,Low,15.796646928535566,203.1494499157255,Moderate Seller
Dress,Unisex,White,S,Medium,15.0,415.86654434961065,Hot Seller
Dress,Men,Blue,M,Medium,22.801351740909446,306.8915671229663,Hot Seller
Dress,Men,Blue,XS,High,82.93679964449638,335.28571880462925,Hot Seller
Outerwear,Men,Pink,XS,High,49.05615817858036,104.25166562924088,Moderate Seller
Outerwear,Unisex,White,S,Low,59.39304828375254,105.70459550921939,Moderate Seller
Top,Unisex,White,M,High,111.36430709677391,277.4131243522633,Moderate Seller
Top,Men,White,M,Medium,85.30356811960924,257.3555717965621,Moderate Seller
Dress,Unisex,Green,M,Low,97.88629700821033,450.4370465358148,Hot Seller
Accessory,Women,Gray,L,Low,59.68512530642804,10.0,Slow Mover
Dress,Unisex,Red,M,Low,143.2404086510507,389.4662226668468,Hot Seller
Top,Women,Blue,L,High,20.596799143118055,143.28340981570722,Moderate Seller
Outerwear,Unisex,Red,L,Medium,59.02156771052805,362.4543263985972,Hot Seller
Dress,Women,Gray,XS,Medium,95.07101008006383,223.75259277222798,Moderate Seller
Top,Men,White,M,Medium,45.93986183139782,102.37340473393975,Moderate Seller
Top,Men,Blue,XL,Medium,51.22315941512979,283.800991932231,Moderate Seller
Dress,Unisex,Beige,XS,High,82.72876584128306,251.65147880693405,Moderate Seller
Bottom,Unisex,Black,L,High,16.368674186482494,444.04781706283245,Hot Seller
Bottom,Women,Beige,XS,High,84.92972586446774,10.0,Slow Mover
Accessory,Men,Black,XL,Medium,89.32952254993276,292.4384394306544,Moderate Seller
Top,Women,Pink,M,Low,56.505174833472125,480.526982536351,Hot Seller
Bottom,Unisex,Gray,L,Medium,15.0,79.71280210564183,Slow Mover
Outerwear,Unisex,Beige,XS,Medium,55.408796028938035,192.5718117793607,Moderate Seller
Dress,Unisex,Blue,XL,High,15.0,318.537494690558,Hot Seller
Outerwear,Unisex,Black,XL,Medium,109.4799346758879,133.79168778688614,Moderate Seller
Top,Men,Red,L,Low,40.09898844708817,117.1012800455214,Moderate Seller
Bottom,Unisex,Beige,L,Low,39.150896284869404,367.5962560873042,Hot Seller
Outerwear,Women,Beige,M,Low,89.0749517797372,175.17222862812628,Moderate Seller
Bottom,Unisex,White,XL,High,86.31731575009776,199.57241707806136,Moderate Seller
Outerwear,Unisex,Gray,XL,Medium,80.44079791696834,219.78037014033674,Moderate Seller
Accessory,Women,Green,M,Low,73.88058984908724,176.72290156311774,Moderate Seller
Top,Women,Pink,XL,Medium,56.35159733657049,120.2581641327359,Moderate Seller
Outerwear,Men,Beige,L,High,68.9882028982322,167.4573029358914,Moderate Seller
Top,Men,White,S,High,103.64519593477627,314.9811215646945,Hot Seller
Top,Unisex,Blue,XL,Low,66.08720601019559,41.26366960386849,Slow Mover
Outerwear,Women,Green,XL,Low,63.36358752208608,196.31690836326055,Moderate Seller
Bottom,Women,Red,L,High,52.59617657202196,348.7549777879946,Hot Seller
Dress,Men,Red,XS,Low,33.9769476941059,243.15992226793645,Moderate Seller
Top,Men,Gray,L,High,40.58362144704523,17.92368917054293,Slow Mover
Accessory,Women,Blue,L,Medium,15.0,10.0,Slow Mover
Dress,Men,Black,L,High,29.012566287793902,382.13194507679094,Hot Seller
Dress,Women,Green,XS,Low,40.716201572200944,283.6421510576016,Moderate Seller
Accessory,Men,Pink,XL,Low,112.9662049242645,236.5719126852105,Moderate Seller
Top,Men,Green,XS,Medium,87.4460528782887,181.96249888631277,Moderate Seller
Bottom,Women,Green,M,Medium,78.63133864563848,285.4123151808458,Moderate Seller
Top,Women,Green,XL,Low,94.01006106695999,370.16679249881184,Hot Seller
Top,Women,Beige,XL,Medium,19.680689544623803,304.9289439765132,Hot Seller
Top,Women,Green,M,High,66.54344443317386,10.0,Slow Mover
Dress,Men,Gray,S,Low,65.83299254280189,219.44015751678546,Moderate Seller
Accessory,Women,Black,XS,Medium,40.86750807712283,429.01596413717243,Hot Seller
Outerwear,Men,Blue,XS,High,43.16061725118807,329.448240008967,Hot Seller
Bottom,Women,Pink,XL,Medium,79.58203584068013,301.0332617316991,Hot Seller
Bottom,Men,Gray,XS,High,59.253279767853684,243.78683975849088,Moderate Seller
Outerwear,Men,Gray,XL,Medium,19.91067856235653,322.5399964176325,Hot Seller
Dress,Unisex,Blue,XL,Low,59.56102422983588,156.27190468421077,Moderate Seller
Accessory,Men,Black,XL,High,68.42177474993564,222.25057972387054,Moderate Seller
Top,Unisex,Blue,XS,Low,46.09998952132274,141.4275924465761,Moderate Seller
Accessory,Unisex,Green,L,Medium,103.70203535096826,330.8363614415135,Hot Seller
Bottom,Women,White,XS,Low,58.66435334370989,205.31071461376214,Moderate Seller
Dress,Men,Pink,S,High,42.293099847856595,372.2002114043409,Hot Seller
Bottom,Women,Black,S,Low,44.03030920708106,400.0415399246018,Hot Seller
Accessory,Women,Blue,XL,High,91.71953283967274,202.82039340461864,Moderate Seller
Outerwear,Women,Gray,XS,High,100.84786878491315,304.2463955890303,Hot Seller
Outerwear,Men,Green,XS,High,119.04269466886467,200.27306055977948,Moderate Seller
Top,Women,Black,XL,High,79.98541572037236,10.0,Slow Mover
Top,Men,White,XS,Low,17.99497500469385,282.2617845251766,Moderate Seller
Dress,Unisex,White,S,Low,15.0,325.4535338309929,Hot Seller
Bottom,Unisex,Black,S,Low,112.80451383319775,25.952172948677486,Slow Mover
Dress,Women,Red,M,Low,28.113606176964296,269.67229710012407,Moderate Seller
Bottom,Men,Pink,S,Low,60.32662847238843,349.67669863241474,Hot Seller
Outerwear,Men,Blue,S,High,19.372169661354548,176.6815747514019,Moderate Seller
Dress,Women,Green,S,High,100.7960224359025,370.25521747815276,Hot Seller
Outerwear,Women,White,S,Medium,96.13020674680575,252.46946478857416,Moderate Seller
Accessory,Women,Red,XL,Low,115.6131090428261,247.31322375900746,Moderate Seller
Outerwear,Unisex,Red,XS,High,61.4547608441649,177.4739321664501,Moderate Seller
Outerwear,Men,Blue,L,High,91.04581019468897,126.04602906537137,Moderate Seller
Outerwear,Unisex,Beige,S,High,15.0,10.0,Slow Mover
Top,Women,Gray,S,Low,63.18676578735563,501.82821204189213,Hot Seller
Outerwear,Women,Blue,L,Medium,126.26983428258514,402.2353005895078,Hot Seller
Outerwear,Unisex,Pink,M,High,76.99908732288075,10.0,Slow Mover
Outerwear,Unisex,Gray,XS,High,99.86837986054186,379.8656254490737,Hot Seller
Bottom,Women,White,XL,Low,55.21840658787741,174.3082434704574,Moderate Seller
Accessory,Women,Black,XS,Low,45.66091991523726,210.9926976663561,Moderate Seller
Bottom,Women,Black,M,Medium,92.12243737621799,134.10675668946695,Moderate Seller
Bottom,Men,Green,XL,Medium,35.841161914071535,371.0088408611103,Hot Seller
Top,Women,Beige,XL,Medium,68.48854645609158,469.4549784842725,Hot Seller
Top,Women,Beige,L,Low,15.0,210.4795126565468,Moderate Seller
Dress,Men,Red,XS,High,105.8484641181824,389.2623169658311,Hot Seller
Dress,Women,Blue,L,Low,79.37380092068729,64.5219902036377,Slow Mover
Bottom,Women,Pink,XS,High,68.23252489775679,340.6307841788763,Hot Seller
Top,Women,Red,XS,Low,65.57796195636051,73.04385016100656,Slow Mover
Accessory,Women,Blue,XS,Medium,72.27887090103606,71.4810376327926,Slow Mover
Accessory,Unisex,Blue,M,High,82.88918534243506,188.6825007086226,Moderate Seller
Bottom,Men,White,L,Medium,73.05710833706715,178.64367709800558,Moderate Seller
Top,Women,White,M,Medium,73.52544163115358,328.49170473985566,Hot Seller
Top,Men,Black,M,Medium,28.68969345202312,229.21557140379986,Moderate Seller
Dress,Men,White,L,Low,92.67257675056797,329.75560400660487,Hot Seller
Dress,Women,Beige,L,Low,89.315636697965,320.87548512267006,Hot Seller
Accessory,Men,White,XS,Low,67.46203903493952,249.45271499963692,Moderate Seller
Accessory,Women,Red,M,Low,15.0,84.85585994423349,Slow Mover
Top,Women,Green,S,Low,15.0,330.1723531348289,Hot Seller
Outerwear,Men,Gray,M,High,47.078099446584616,456.5290464367363,Hot Seller
Accessory,Men,Blue,M,High,87.40710226905583,101.49058263281745,Moderate Seller
Top,Men,Pink,S,Low,75.84519055354663,263.22240632429407,Moderate Seller
Outerwear,Men,Blue,XS,High,116.61999906418718,274.7965372941225,Moderate Seller
Bottom,Men,Green,S,High,71.39111600976352,382.5117710072578,Hot Seller
Outerwear,Women,Blue,L,High,61.754568806333566,252.39241933473392,Moderate Seller
Dress,Women,Beige,XL,Medium,87.1435745866749,101.83411123436325,Moderate Seller
Accessory,Men,Red,M,High,68.70449688470204,216.93638524368623,Moderate Seller
Bottom,Men,Blue,L,Low,87.87882379161618,381.6222502523744,Hot Seller
Dress,Women,Beige,XL,High,67.310878590306,294.5504633689877,Moderate Seller
Accessory,Men,Beige,M,Medium,68.48714200755313,550.3474762692683,Hot Seller
Top,Women,Beige,M,Medium,15.0,417.02543207905615,Hot Seller
Dress,Unisex,Black,XL,Low,43.71773657164226,303.66507256030593,Hot Seller
Top,Unisex,Pink,XL,High,43.85089431828371,97.80584342874683,Slow Mover
Top,Women,Green,XL,High,35.51022872335008,195.46242844584086,Moderate Seller
Dress,Men,Gray,XL,Low,64.73997052235427,401.3412214834061,Hot Seller
Outerwear,Men,Green,M,High,52.69634086010895,200.44584201981115,Moderate Seller
Outerwear,Men,Pink,M,Medium,74.94477927637537,126.26491787438468,Moderate Seller
Bottom,Women,Beige,XL,High,124.38887177382078,81.00397526944786,Slow Mover
Outerwear,Unisex,Green,XS,Low,75.17932360759592,363.4320791690109,Hot Seller
Bottom,Unisex,Gray,M,Low,36.995603025058976,284.3838453630224,Moderate Seller
Top,Unisex,Blue,XL,High,140.98096155404647,600.0,Hot Seller
Bottom,Men,Green,L,High,23.878646776811607,215.33503518640754,Moderate Seller
Accessory,Unisex,White,L,Medium,88.7161417900498,344.41771244420056,Hot Seller
Outerwear,Men,Black,XL,Medium,80.14300323022336,397.3127923730714,Hot Seller
Top,Women,Pink,M,High,35.41740729202504,243.13080413105703,Moderate Seller
Dress,Women,Gray,XS,Low,78.10585977545533,76.78125519086808,Slow Mover
Top,Men,Gray,XL,Low,74.86690218116115,167.6020543607577,Moderate Seller
Accessory,Unisex,Red,XL,High,83.17100194590921,10.0,Slow Mover
Dress,Unisex,Gray,L,High,75.82696867682151,393.52013784214154,Hot Seller
Top,Unisex,Black,XL,High,84.37228732802295,243.25604656141024,Moderate Seller
Top,Unisex,Black,M,Medium,60.09238264100319,245.97334314892333,Moderate Seller
Top,Unisex,White,XL,Low,91.19053972885365,258.75954184273894,Moderate Seller
Bottom,Women,Blue,L,Low,78.02558762528454,102.6309493419524,Moderate Seller
Top,Unisex,Beige,S,Low,60.2181628490992,368.60446120035294,Hot Seller
Top,Men,Red,L,Medium,46.24320510218624,186.36971003158098,Moderate Seller
Accessory,Women,Gray,L,Low,103.08459542643513,320.0717374407172,Hot Seller
Bottom,Unisex,Pink,XL,Low,90.88536238717617,237.06020518964291,Moderate Seller
Outerwear,Unisex,White,XS,Low,94.36747906284711,199.4655398582344,Moderate Seller
Bottom,Men,Green,XS,Low,34.679718325778566,81.70430112597708,Slow Mover
Accessory,Unisex,Gray,L,High,54.01251469122048,341.65470526788295,Hot Seller
Bottom,Men,Red,XS,High,21.453647540935684,369.4153462298549,Hot Seller
Outerwear,Unisex,Red,S,Medium,29.801760087901073,193.15548762047746,Moderate Seller
Top,Unisex,White,M,High,46.86030257119357,318.53898865955256,Hot Seller
Dress,Unisex,White,L,Low,112.785209601352,353.2051649716193,Hot Seller
Accessory,Unisex,Black,M,Medium,99.10092261648099,147.30374884641844,Moderate Seller
Top,Unisex,Green,L,Low,33.327768780252555,517.6571347432564,Hot Seller
Outerwear,Men,Green,XS,Low,22.098670006636432,123.06259060017597,Moderate Seller
Outerwear,Men,Gray,L,Low,43.50070148794816,600.0,Hot Seller
Top,Men,Beige,L,High,109.24467702658887,169.40339798123728,Moderate Seller
Accessory,Unisex,Red,M,Medium,51.64404303730708,142.087600735622,Moderate Seller
Accessory,Men,Gray,L,Low,54.46538407839794,160.66717194057694,Moderate Seller
Bottom,Men,Pink,XS,Medium,114.477326686651,57.7281724792017,Slow Mover
Top,Unisex,White,S,High,47.098575783211885,299.7843520116328,Moderate Seller
Dress,Women,Pink,XL,Medium,103.12604579030987,74.77839377417797,Slow Mover
Top,Unisex,Black,XL,High,83.59404043528731,121.04809264673706,Moderate Seller
Bottom,Men,Beige,XL,High,15.0,21.425662799122904,Slow Mover
Bottom,Men,Pink,XS,Low,15.0,348.6447329950565,Hot Seller
Dress,Unisex,Blue,L,High,91.50200050295084,318.69767040816157,Hot Seller
Dress,Unisex,Black,M,Medium,40.60540985068563,307.5007259099974,Hot Seller
Top,Women,Black,XL,Low,74.09776017084111,289.4297567776108,Moderate Seller
Top,Unisex,Pink,S,Low,51.815500137499825,37.32440923633598,Slow Mover
Accessory,Unisex,Beige,M,Medium,44.33484927628149,234.23672620799553,Moderate Seller
Accessory,Unisex,Green,L,High,117.61534432680534,211.4448023933236,Moderate Seller
Bottom,Women,Blue,L,Medium,62.31197391417352,154.63904607438133,Moderate Seller
Dress,Unisex,Beige,M,Low,80.53543476415278,258.7931016603816,Moderate Seller
Outerwear,Women,Green,L,High,55.526174174544536,36.88118358033233,Slow Mover
Bottom,Unisex,Green,M,Low,62.25110424878915,177.51283644836508,Moderate Seller
Top,Unisex,Green,M,Low,81.95083425941003,336.39049967285837,Hot Seller
Dress,Men,Black,XS,High,34.03752316581593,10.0,Slow Mover
Dress,Women,Beige,XS,Medium,68.17695160574246,434.5486997931821,Hot Seller
Bottom,Women,Black,L,Medium,35.46892161537347,91.12440095904051,Slow Mover
Outerwear,Unisex,Green,S,High,68.59438008859327,45.1025769525732,Slow Mover
Top,Men,Green,M,Medium,52.22489652475207,169.598855879937,Moderate Seller
Dress,Men,Pink,XS,Medium,45.16301977861657,170.63813171657785,Moderate Seller
Dress,Women,Gray,XS,Medium,88.35763588354104,177.93978546597137,Moderate Seller
Dress,Men,Blue,S,Medium,96.19357815105022,199.45949849232193,Moderate Seller
Outerwear,Women,White,M,High,122.42500886611374,293.35302300934745,Moderate Seller
Top,Unisex,Blue,L,Medium,75.82128724186424,166.72001491364819,Moderate Seller
Accessory,Men,Blue,XS,Low,63.005481033301436,211.3763021835447,Moderate Seller
Top,Unisex,Beige,M,Medium,29.639308620914925,317.8086424486054,Hot Seller
Outerwear,Women,Red,XS,Low,55.22682114174461,373.2724304395236,Hot Seller
Top,Unisex,Gray,XS,High,15.0,519.78879605575,Hot Seller
Outerwear,Men,Green,S,Low,85.21282358529497,262.78707357968716,Moderate Seller
Top,Unisex,Red,S,High,70.36468812018582,278.42878571713675,Moderate Seller
Accessory,Men,Beige,M,Low,70.12360585493542,347.306998588085,Hot Seller
Bottom,Women,Gray,XL,High,89.09827314926005,355.2910353834782,Hot Seller
Top,Unisex,Red,XS,High,36.46164336249868,418.03164908133806,Hot Seller
Dress,Men,Blue,XS,High,75.5082568329739,319.9154291753335,Hot Seller
Bottom,Women,White,L,Medium,77.88173875567965,90.62549520799647,Slow Mover
Outerwear,Women,Red,S,High,37.08487384813673,600.0,Hot Seller
Accessory,Unisex,Red,L,Medium,67.83824918893028,171.3346152657004,Moderate Seller
Top,Unisex,Pink,S,Low,68.12647252035198,46.37415801843673,Slow Mover
Accessory,Women,Gray,L,Medium,54.82706469767974,249.32610332034358,Moderate Seller
Bottom,Unisex,White,S,Medium,82.63184970972301,271.2683631472184,Moderate Seller
Dress,Women,Blue,XS,Low,63.424482770858376,223.46034548027725,Moderate Seller
Accessory,Men,Pink,S,High,102.98933334017596,329.65160471883325,Hot Seller
Bottom,Unisex,White,S,High,111.8678895160369,342.17747680651723,Hot Seller
Accessory,Men,Blue,XS,High,55.635070879979935,445.7503578549297,Hot Seller
Outerwear,Women,White,S,Low,36.5081340817554,297.2818571232134,Moderate Seller
Dress,Men,White,M,High,133.6396377281435,105.29103337397015,Moderate Seller
Dress,Unisex,Beige,XL,High,32.75632891874211,297.8143676378826,Moderate Seller
Accessory,Women,Black,S,Low,53.867336269638514,245.17809244040475,Moderate Seller
Top,Men,Black,M,Low,16.417417478417725,194.26518472540164,Moderate Seller
Dress,Men,Blue,L,Medium,31.019762628668744,136.4837609542583,Moderate Seller
Top,Unisex,Blue,L,Low,82.1042737359478,261.58907297976316,Moderate Seller
Outerwear,Women,Red,S,Low,30.43548760794789,162.30405367737814,Moderate Seller
Accessory,Men,Beige,XS,Low,75.87067949715257,294.7188185368877,Moderate Seller
Outerwear,Unisex,Green,M,Low,90.78362498404206,405.8742108577875,Hot Seller
Bottom,Unisex,Red,L,High,94.56000719466343,500.18753940721206,Hot Seller
Bottom,Women,White,M,High,42.381303846797394,509.43654708685557,Hot Seller
Dress,Men,Green,XL,Low,55.27335571224708,10.0,Slow Mover
Top,Men,Pink,S,High,15.0,218.19998406252105,Moderate Seller
Outerwear,Unisex,Blue,L,Low,46.022610480371,10.0,Slow Mover
Accessory,Men,Gray,L,Medium,84.97146100896555,254.95233145761244,Moderate Seller
Outerwear,Women,Blue,L,Low,88.33975263298056,196.9625732943306,Moderate Seller
Top,Unisex,Beige,XS,Low,131.58876483534482,431.2843870591138,Hot Seller
Accessory,Women,Gray,XS,Low,78.85478032212123,306.94103268363637,Hot Seller
Dress,Men,Blue,XS,Medium,25.238789070069956,214.40463224399068,Moderate Seller
Accessory,Men,Gray,XL,Medium,54.12051444206817,555.2637592861415,Hot Seller
Dress,Women,Red,M,High,50.913014027601115,67.10939282159458,Slow Mover
Top,Women,Green,M,Medium,75.11387886005849,151.80192501492186,Moderate Seller
Bottom,Men,Blue,S,Medium,40.21274813877049,303.1566574952774,Hot Seller
Top,Unisex,Beige,L,Low,121.49559951717919,188.44972459003992,Moderate Seller
Top,Women,Pink,XL,Low,100.716179556584,254.79780600998933,Moderate Seller
Dress,Women,Gray,S,Low,75.2711789442836,202.86604674377742,Moderate Seller
Dress,Men,Blue,L,Medium,43.049911229413524,129.69019529976035,Moderate Seller
Dress,Women,Black,XS,High,122.1321101234303,10.0,Slow Mover
Top,Unisex,Blue,M,Low,44.95211960324801,233.281660784643,Moderate Seller
Dress,Unisex,Black,M,Low,15.0,46.426586277912946,Slow Mover
Accessory,Unisex,Blue,XL,Medium,89.17947116252287,279.62958726579467,Moderate Seller
Accessory,Unisex,Gray,M,Medium,19.79639828231621,175.98397026371842,Moderate Seller
Outerwear,Women,Blue,XS,Low,155.3959870168194,10.0,Slow Mover
Bottom,Unisex,Green,M,High,80.82943909955112,171.69040072403746,Moderate Seller
Accessory,Unisex,Black,XS,Medium,100.81480485624061,439.02719501361463,Hot Seller
Top,Men,White,XS,Low,88.88757764070968,123.18550948003346,Moderate Seller
Bottom,Women,Pink,S,Medium,48.51294891196019,322.15431377473953,Hot Seller
Outerwear,Unisex,Pink,M,Low,15.0,387.4654653966491,Hot Seller
Bottom,Men,Red,S,Medium,77.31089942365051,10.0,Slow Mover
Top,Unisex,Red,M,Medium,96.87066534585259,349.5790895461549,Hot Seller
Dress,Unisex,Blue,L,Low,63.21534176588056,66.35719896691359,Slow Mover
Top,Women,Red,XL,Low,45.60070369941154,487.88975116647117,Hot Seller
Outerwear,Women,Red,XL,Medium,85.33131562198633,111.84145864393976,Moderate Seller
Outerwear,Women,Red,XL,Low,51.152797286422526,388.9636788376314,Hot Seller
Top,Women,Green,S,High,101.05169508229328,297.22688434531807,Moderate Seller
Accessory,Unisex,Black,M,High,61.603191593519256,223.0293718626127,Moderate Seller
Outerwear,Women,Black,L,High,18.936758289197144,250.5838406022557,Moderate Seller
Outerwear,Women,Black,M,High,94.90654164842172,115.30808205038126,Moderate Seller
Bottom,Unisex,Blue,XL,Medium,96.26115568091011,213.1687675386049,Moderate Seller
Top,Unisex,Green,S,Medium,45.35379799760943,357.02093545752143,Hot Seller
Accessory,Women,Red,XS,High,63.45808939556957,557.6067866855599,Hot Seller
Top,Men,Gray,L,High,88.21686386640275,209.44341507252858,Moderate Seller
Bottom,Unisex,Black,XL,Medium,74.68139525913584,183.0765305861799,Moderate Seller
Accessory,Unisex,Green,L,Low,30.654361532412516,167.94264783732132,Moderate Seller
Accessory,Women,Green,M,High,85.98447460265555,411.8504524666233,Hot Seller
Accessory,Men,Red,XL,High,35.10448304009016,164.3070778479336,Moderate Seller
Top,Unisex,Green,S,Medium,52.641302744411824,10.0,Slow Mover
Bottom,Men,White,XS,High,92.6991492134327,157.33980185598844,Moderate Seller
Top,Women,White,L,Medium,78.46724072313746,173.9727771397992,Moderate Seller
Bottom,Unisex,Blue,XS,Low,52.985521923624376,230.1738863389423,Moderate Seller
Top,Men,Green,XS,Medium,115.38036643029733,245.65062846635152,Moderate Seller
Accessory,Women,Pink,L,High,80.25778910915054,56.74064311717137,Slow Mover
Accessory,Women,Green,XS,Low,85.00054167185277,264.38729296128884,Moderate Seller
Bottom,Unisex,Blue,S,High,89.02950093841972,243.75943848782424,Moderate Seller
Dress,Unisex,Beige,XL,Medium,54.5617855537181,10.0,Slow Mover
Dress,Women,Blue,L,Low,56.05418192176196,109.91600195557088,Moderate Seller
Outerwear,Women,Green,S,High,85.73595355412485,202.80363407470253,Moderate Seller
Accessory,Women,White,S,Medium,15.0,111.01545408561546,Moderate Seller
Top,Women,Gray,L,Low,82.46663922619572,306.63316548376696,Hot Seller
Dress,Women,Black,XS,Medium,27.81981819553331,178.48685344637147,Moderate Seller
Accessory,Women,Pink,S,Medium,21.041715215657774,272.77099539071804,Moderate Seller
Bottom,Men,White,XL,High,56.12349113506951,40.51333957425106,Slow Mover
Outerwear,Women,White,XS,High,86.33681463947073,131.98850634693434,Moderate Seller
Bottom,Women,Gray,S,Medium,63.33195790171677,375.4978232360061,Hot Seller
Dress,Women,Black,M,High,31.981585544792125,457.5862160509025,Hot Seller
Accessory,Unisex,Green,L,High,104.78196542531542,307.0198914879855,Hot Seller
Outerwear,Women,Green,L,Low,38.99156888067395,10.0,Slow Mover
Bottom,Unisex,White,L,Low,91.94533183237553,281.9339355262308,Moderate Seller
Accessory,Unisex,White,XS,High,45.42952350786476,505.6784108628301,Hot Seller
Dress,Men,Red,L,High,103.60723342045826,10.0,Slow Mover
Bottom,Women,White,L,High,81.77018543465988,587.234996152275,Hot Seller
Dress,Men,Red,M,High,143.1118560070119,224.0348584553446,Moderate Seller
Accessory,Men,Green,L,Medium,107.76327478239301,437.9199860763923,Hot Seller
Outerwear,Unisex,Pink,S,Medium,81.60881885195221,122.57035686811125,Moderate Seller
Accessory,Women,Gray,S,Medium,80.79591419342553,83.75306942239263,Slow Mover
Accessory,Unisex,Gray,M,High,97.54169740160057,495.0027399500648,Hot Seller
Accessory,Women,Gray,M,High,78.16944258947174,397.88154201693703,Hot Seller
Accessory,Women,Beige,M,Medium,37.62686488568738,190.3267633749458,Moderate Seller
Bottom,Women,Black,S,Medium,20.46799669739528,187.8226317578029,Moderate Seller
Accessory,Men,Green,XL,Low,53.58733552651989,65.94901415591636,Slow Mover
Outerwear,Men,Beige,XL,Medium,47.8917759719444,12.1427480695084,Slow Mover
Dress,Women,Beige,L,Medium,57.89818015173997,22.16180213756266,Slow Mover
Outerwear,Women,Black,XL,Medium,52.45056326361889,233.02791665072507,Moderate Seller
Dress,Unisex,Blue,XL,Medium,111.65670104093097,213.61570090022687,Moderate Seller
Top,Unisex,White,S,Medium,15.0,98.40542876615355,Slow Mover
Outerwear,Women,Black,L,Medium,101.18971946639624,212.93690741216955,Moderate Seller
Bottom,Women,Blue,M,Medium,34.268182819439986,233.2781877722662,Moderate Seller
Top,Women,Blue,S,Low,92.2926018480888,171.19397301221258,Moderate Seller
Bottom,Men,Pink,XS,High,103.05568456434452,249.12990804420264,Moderate Seller
Bottom,Women,Black,M,High,15.0,227.65419410008002,Moderate Seller
Outerwear,Unisex,Black,XS,High,62.8497813735864,330.98232100237834,Hot Seller
Outerwear,Women,Gray,XS,High,114.17324207331293,96.59749898559312,Slow Mover
Bottom,Unisex,Beige,M,Low,72.97954020337394,162.43508095105673,Moderate Seller
Outerwear,Men,Black,XL,Low,93.17121077368714,158.4542407232752,Moderate Seller
Top,Unisex,Gray,M,Low,92.97594693449312,566.1799397551366,Hot Seller
Dress,Women,Blue,L,Low,116.89765590868691,136.51628369095909,Moderate Seller
Bottom,Women,Beige,S,Medium,65.8854697673864,325.6161334882751,Hot Seller
Top,Women,Black,XS,Low,79.21338317144105,193.57822375160714,Moderate Seller
Top,Women,Blue,XL,Low,23.667816113938557,260.83938645439423,Moderate Seller
Outerwear,Men,Green,XS,Medium,95.81751199622543,252.79083271476622,Moderate Seller
Dress,Unisex,White,S,Medium,74.07752974506369,10.0,Slow Mover
Top,Unisex,Pink,XL,High,85.5743096923225,111.92375078039903,Moderate Seller
Dress,Men,Blue,L,Low,30.62042687798511,260.566056347755,Moderate Seller
Outerwear,Women,Blue,S,Low,15.0,290.3570905422125,Moderate Seller
Bottom,Women,Green,L,Low,107.68669207676388,177.04297517623496,Moderate Seller
Top,Men,Pink,S,Medium,52.58767212645344,10.0,Slow Mover
Top,Women,Gray,XS,High,69.16393814157685,525.8057319357779,Hot Seller
Top,Women,Green,M,Medium,61.40097589215939,370.03308470925737,Hot Seller
Bottom,Unisex,Green,M,Medium,70.43608262086525,308.13947785278106,Hot Seller
Bottom,Unisex,Green,L,Medium,54.66543487604954,10.0,Slow Mover
Accessory,Unisex,Green,S,Low,66.77363785789821,220.04762550696415,Moderate Seller
Top,Unisex,Beige,L,High,50.254739624723506,80.02923947467616,Slow Mover
Outerwear,Men,Green,L,Medium,49.76558079376692,384.45171650141947,Hot Seller
